y_coordinate,epsilon_yy_percentage
25.020037047119395,-7.600560515952309e-06
25.042844738137738,-7.687732064172004e-06
25.065652429156078,-7.775903389156222e-06
25.088460120174418,-7.8650859573523e-06
25.111267811192757,-7.955291366993272e-06
25.134075502211097,-8.04653134853426e-06
25.15688319322944,-8.138817767707103e-06
25.17969088424778,-8.232162626611296e-06
25.20249857526612,-8.326578063713999e-06
25.22530626628446,-8.4220763579956e-06
25.2481139573028,-8.518669928731537e-06
25.27092164832114,-8.616371337674186e-06
25.29372933933948,-8.715193290580158e-06
25.31653703035782,-8.81514863873764e-06
25.33934472137616,-8.916250381584637e-06
25.3621524123945,-9.018511666708984e-06
25.38496010341284,-9.121945792902974e-06
25.407767794431184,-9.226566211690677e-06
25.430575485449523,-9.332386529073447e-06
25.453383176467863,-9.439420505748114e-06
25.476190867486203,-9.547682061907115e-06
25.498998558504542,-9.657185276365756e-06
25.521806249522886,-9.767944390053213e-06
25.544613940541225,-9.87997380623072e-06
25.567421631559565,-9.993288094637152e-06
25.590229322577905,-1.0107901991052646e-05
25.613037013596244,-1.02238304010078e-05
25.635844704614588,-1.034108840043824e-05
25.658652395632927,-1.045969123852106e-05
25.681460086651267,-1.0579654338983968e-05
25.704267777669607,-1.0700993302941715e-05
25.727075468687946,-1.0823723909987047e-05
25.74988315970629,-1.0947862120808958e-05
25.77269085072463,-1.1073424079592768e-05
25.79549854174297,-1.120042611489287e-05
25.81830623276131,-1.1328884742905556e-05
25.84111392377965,-1.1458816669432712e-05
25.86392161479799,-1.1590238792063696e-05
25.88672930581633,-1.1723168201048099e-05
25.90953699683467,-1.1857622183659504e-05
25.93234468785301,-1.1993618225722804e-05
25.95515237887135,-1.213117401248696e-05
25.977960069889694,-1.2270307432988761e-05
26.000767760908033,-1.2411036580925577e-05
26.023575451926373,-1.2553379757491807e-05
26.046383142944713,-1.2697355474215334e-05
26.069190833963052,-1.2842982454703017e-05
26.091998524981395,-1.2990279636822581e-05
26.114806215999735,-1.3139266176411825e-05
26.137613907018075,-1.3289961448369545e-05
26.160421598036415,-1.3442385050582938e-05
26.183229289054754,-1.3596556804582166e-05
26.206036980073097,-1.3752496760340485e-05
26.228844671091437,-1.3910225196928824e-05
26.251652362109777,-1.4069762626661352e-05
26.274460053128116,-1.4231129796404615e-05
26.297267744146456,-1.4394347691941298e-05
26.3200754351648,-1.4559437538406596e-05
26.34288312618314,-1.4726420805742928e-05
26.36569081720148,-1.4895319209136316e-05
26.38849850821982,-1.5066154713380133e-05
26.411306199238158,-1.5238949534838822e-05
26.434113890256498,-1.5413726144720704e-05
26.45692158127484,-1.5590507272132606e-05
26.47972927229318,-1.5769315906916336e-05
26.50253696331152,-1.5950175302266913e-05
26.52534465432986,-1.6133108978005408e-05
26.5481523453482,-1.6318140724288134e-05
26.570960036366543,-1.6505294603352166e-05
26.593767727384883,-1.6694594954315465e-05
26.616575418403222,-1.688606639426783e-05
26.639383109421562,-1.707973382372561e-05
26.6621908004399,-1.7275622427940816e-05
26.684998491458245,-1.7473757681701275e-05
26.707806182476585,-1.767416535151252e-05
26.730613873494924,-1.7876871499525147e-05
26.753421564513264,-1.8081902486589497e-05
26.776229255531604,-1.8289284976401195e-05
26.799036946549947,-1.8499045937683043e-05
26.821844637568287,-1.871121264942155e-05
26.844652328586626,-1.8925812702394235e-05
26.867460019604966,-1.9142874004624334e-05
26.890267710623306,-1.9362424783780886e-05
26.91307540164165,-1.9584493591542484e-05
26.93588309265999,-1.980910930708829e-05
26.95869078367833,-2.0036301139934477e-05
26.981498474696668,-2.026609863604352e-05
27.004306165715008,-2.0498531678915107e-05
27.02711385673335,-2.0733630495695444e-05
27.04992154775169,-2.097142565935911e-05
27.07272923877003,-2.1211948094600144e-05
27.09553692978837,-2.1455229079359384e-05
27.11834462080671,-2.170130025158828e-05
27.141152311825053,-2.1950193611430783e-05
27.163960002843393,-2.2201941526241672e-05
27.186767693861732,-2.2456576734513963e-05
27.209575384880072,-2.2714132350024454e-05
27.23238307589841,-2.2974641866633887e-05
27.255190766916755,-2.323813916177795e-05
27.277998457935094,-2.3504658502576568e-05
27.300806148953434,-2.3774234547797566e-05
27.323613839971774,-2.404690235440234e-05
27.346421530990114,-2.432269738169144e-05
27.369229222008457,-2.4601655494795535e-05
27.392036913026796,-2.4883812970566573e-05
27.414844604045136,-2.5169206502377846e-05
27.437652295063476,-2.545787320339686e-05
27.460459986081815,-2.574985061334916e-05
27.48326767710016,-2.6045176702227532e-05
27.5060753681185,-2.634388987509213e-05
27.528883059136838,-2.6646028978179762e-05
27.551690750155178,-2.6951633302394904e-05
27.574498441173517,-2.7260742589855343e-05
27.59730613219186,-2.757339703825593e-05
27.6201138232102,-2.78896373065415e-05
27.64292151422854,-2.8209504519052418e-05
27.66572920524688,-2.8533040273379384e-05
27.68853689626522,-2.886028664254531e-05
27.71134458728356,-2.9191286183078265e-05
27.734152278301902,-2.9526081939157074e-05
27.756959969320242,-2.98647174485024e-05
27.77976766033858,-3.020723674870418e-05
27.80257535135692,-3.0553684381803606e-05
27.82538304237526,-3.0904105401056956e-05
27.848190733393604,-3.125854537595391e-05
27.870998424411944,-3.1617050399417765e-05
27.893806115430284,-3.197966709195102e-05
27.916613806448623,-3.2346442609708357e-05
27.939421497466963,-3.271742464864217e-05
27.962229188485306,-3.309266145279377e-05
27.985036879503646,-3.347220181843893e-05
28.007844570521986,-3.385609510194266e-05
28.030652261540325,-3.4244391225868534e-05
28.053459952558665,-3.463714068530604e-05
28.076267643577008,-3.5034394553979986e-05
28.099075334595348,-3.543620449188696e-05
28.121883025613688,-3.584262275096833e-05
28.144690716632027,-3.625370218274675e-05
28.167498407650367,-3.6669496245090055e-05
28.19030609866871,-3.709005900810232e-05
28.21311378968705,-3.751544516263319e-05
28.23592148070539,-3.794571002682357e-05
28.25872917172373,-3.83809095528694e-05
28.28153686274207,-3.8821100334876475e-05
28.304344553760412,-3.9266339615842474e-05
28.327152244778752,-3.971668529507533e-05
28.34995993579709,-4.0172195936048013e-05
28.37276762681543,-4.063293077403516e-05
28.39557531783377,-4.109894972374959e-05
28.418383008852114,-4.157031338632442e-05
28.441190699870454,-4.204708305825869e-05
28.463998390888793,-4.2529320739490386e-05
28.486806081907133,-4.301708913994208e-05
28.509613772925473,-4.351045168999396e-05
28.532421463943816,-4.4009472545938535e-05
28.555229154962156,-4.451421660110823e-05
28.578036845980495,-4.502474949285742e-05
28.600844536998835,-4.554113761019903e-05
28.623652228017175,-4.6063448104713914e-05
28.646459919035518,-4.659174889796928e-05
28.669267610053858,-4.712610868959167e-05
28.692075301072197,-4.766659696752176e-05
28.714882992090537,-4.821328401717833e-05
28.737690683108877,-4.876624092909478e-05
28.76049837412722,-4.9325539609610426e-05
28.78330606514556,-4.9891252789597964e-05
28.8061137561639,-5.0463454033845644e-05
28.82892144718224,-5.104221775109384e-05
28.85172913820058,-5.1627619202762644e-05
28.874536829218922,-5.221973451429766e-05
28.89734452023726,-5.281864068302469e-05
28.9201522112556,-5.342441559058659e-05
28.94295990227394,-5.403713801057978e-05
28.96576759329228,-5.465688762033643e-05
28.98857528431062,-5.5283745011397496e-05
29.011382975328964,-5.5917791698894824e-05
29.034190666347303,-5.6559110133115096e-05
29.056998357365643,-5.720778370975472e-05
29.079806048383983,-5.786389678061104e-05
29.102613739402322,-5.8527534665146274e-05
29.125421430420666,-5.919878366161518e-05
29.148229121439005,-5.9877731056883496e-05
29.171036812457345,-6.0564465139737414e-05
29.193844503475685,-6.125907521113843e-05
29.216652194494024,-6.196165159556917e-05
29.239459885512368,-6.267228565434282e-05
29.262267576530707,-6.33910697956398e-05
29.285075267549047,-6.41180974878173e-05
29.307882958567387,-6.485346327097318e-05
29.330690649585726,-6.559726276894636e-05
29.35349834060407,-6.634959270284452e-05
29.37630603162241,-6.711055090260804e-05
29.39911372264075,-6.788023631988306e-05
29.42192141365909,-6.865874904133112e-05
29.444729104677428,-6.944619030084752e-05
29.46753679569577,-7.024266249439823e-05
29.49034448671411,-7.104826919071108e-05
29.51315217773245,-7.186311514698534e-05
29.53595986875079,-7.26873063217648e-05
29.55876755976913,-7.352094988824726e-05
29.581575250787473,-7.436415424912132e-05
29.604382941805813,-7.521702904987592e-05
29.627190632824153,-7.607968519320064e-05
29.649998323842492,-7.69522348536045e-05
29.672806014860832,-7.783479149268894e-05
29.695613705879175,-7.872746987202109e-05
29.718421396897515,-7.963038606971595e-05
29.741229087915855,-8.054365749527329e-05
29.764036778934194,-8.146740290375982e-05
29.786844469952534,-8.240174241282792e-05
29.809652160970877,-8.334679751689783e-05
29.832459851989217,-8.430269110439456e-05
29.855267543007557,-8.52695474721483e-05
29.878075234025896,-8.624749234263131e-05
29.900882925044236,-8.723665287988561e-05
29.92369061606258,-8.823715770632358e-05
29.94649830708092,-8.924913691931009e-05
29.96930599809926,-9.027272210774504e-05
29.9921136891176,-9.13080463695182e-05
30.014921380135938,-9.235524432918261e-05
30.03772907115428,-9.341445215431862e-05
30.06053676217262,-9.448580757473452e-05
30.08334445319096,-9.556944989904875e-05
30.1061521442093,-9.6665520033236e-05
30.12895983522764,-9.777416049917315e-05
30.15176752624598,-9.889551545362171e-05
30.174575217264323,-0.00010002973070481003
30.197382908282663,-0.00010117695373490681
30.220190599301002,-0.00010233733371573053
30.242998290319342,-0.00010351102152991382
30.26580598133768,-0.00010469816979075849
30.288613672356025,-0.00010589893286099985
30.311421363374365,-0.00010711346687375269
30.334229054392704,-0.00010834192975192994
30.357036745411044,-0.00010958448122984356
30.379844436429384,-0.00011084128287305947
30.402652127447727,-0.00011211249810021644
30.425459818466067,-0.00011339829220309939
30.448267509484406,-0.000114698832369331
30.471075200502746,-0.00011601428770309956
30.493882891521086,-0.00011734482924828697
30.51669058253943,-0.00011869063000941474
30.53949827355777,-0.00012005186497499021
30.562305964576108,-0.00012142871114019812
30.585113655594448,-0.00012282134752937389
30.607921346612788,-0.00012422995521934997
30.63072903763113,-0.00012565471736411085
30.65353672864947,-0.00012709581921683036
30.67634441966781,-0.0001285534481551812
30.69915211068615,-0.0001300277937057724
30.72195980170449,-0.00013151904756705866
30.744767492722833,-0.00013302740363705062
30.767575183741172,-0.00013455305803622438
30.790382874759512,-0.0001360962091337043
30.81319056577785,-0.00013765705757300896
30.83599825679619,-0.0001392358062986704
30.858805947814535,-0.00014083266058219837
30.881613638832874,-0.00014244782804804466
30.904421329851214,-0.00014408151870174958
30.927229020869554,-0.000145733944956779
30.950036711887893,-0.00014740532166157967
30.972844402906237,-0.0001490958661288165
30.995652093924576,-0.00015080579816199153
31.018459784942916,-0.00015253534008489937
31.041267475961256,-0.00015428471677064604
31.064075166979595,-0.00015605415567088653
31.08688285799794,-0.00015784388684440717
31.10969054901628,-0.00015965414298832668
31.132498240034618,-0.00016148515946755158
31.155305931052958,-0.00016333717434510443
31.178113622071297,-0.00016521042841419718
31.20092131308964,-0.00016710516522834166
31.22372900410798,-0.00016902163113364103
31.24653669512632,-0.000170960075300209
31.26934438614466,-0.00017292074975533452
31.292152077163,-0.0001749039094159918
31.314959768181343,-0.00017690981212135028
31.337767459199682,-0.00017893871866681214
31.360575150218022,-0.0001809908928376131
31.38338284123636,-0.00018306660144395097
31.4061905322547,-0.00018516611435415002
31.42899822327304,-0.0001872897045308804
31.451805914291384,-0.00018943764806628638
31.474613605309724,-0.00019161022421798748
31.497421296328064,-0.00019380771544442473
31.520228987346403,-0.00019603040744348044
31.543036678364743,-0.00019827858918760599
31.565844369383086,-0.0002005525529622234
31.588652060401426,-0.000202852594403908
31.611459751419765,-0.00020517901253857152
31.634267442438105,-0.00020753210982008124
31.657075133456445,-0.0002099121921695341
31.679882824474788,-0.00021231956901540317
31.702690515493128,-0.0002147545533334662
31.725498206511467,-0.00021721746168804315
31.748305897529807,-0.00021970861427148827
31.771113588548147,-0.00022222833494760957
31.79392127956649,-0.00022477695129247003
31.81672897058483,-0.00022735479463780692
31.83953666160317,-0.00022996220011379712
31.86234435262151,-0.00023259950669203962
31.88515204363985,-0.0002352670572305028
31.907959734658192,-0.00023796519851672536
31.93076742567653,-0.00024069428131450883
31.95357511669487,-0.0002434546604079915
31.97638280771321,-0.00024624669464921346
31.99919049873155,-0.00024907074700284527
32.021998189749894,-0.00025192718459528013
32.04480588076823,-0.0002548163787602354
32.06761357178657,-0.00025773870508959053
32.09042126280492,-0.0002606945434792063
32.11322895382325,-0.0002636842781806358
32.136036644841596,-0.00026670829784978
32.15884433585993,-0.00026976699559794415
32.181652026878275,-0.0002728607690418028
32.20445971789662,-0.00027599002035663765
32.227267408914955,-0.0002791551563273936
32.2500750999333,-0.000282356588402135
32.272882790951634,-0.0002855947327444108
32.29569048196998,-0.0002888700102888923
32.31849817298832,-0.0002921828467948297
32.34130586400666,-0.00029553367290147164
32.364113555025,-0.00029892292418413956
32.386921246043336,-0.0003023510412116114
32.40972893706168,-0.0003058184696011048
32.43253662808002,-0.0003093256600782792
32.45534431909836,-0.00031287306853527346
32.4781520101167,-0.00031646115608874434
32.50095970113504,-0.00032009038914183186
32.52376739215338,-0.00032376123944154265
32.546575083171724,-0.0003274741841435521
32.56938277419006,-0.0003312297058717694
32.592190465208404,-0.0003350282927813946
32.61499815622674,-0.00033887043862284677
32.63780584724508,-0.0003427566428054761
32.660613538263426,-0.0003466874104628013
32.68342122928176,-0.00035066325251665746
32.706228920300106,-0.0003546846857457068
32.72903661131844,-0.00035875223285067727
32.751844302336785,-0.00036286642252265526
32.77465199335513,-0.00036702778951246964
32.797459684373464,-0.00037123687469876643
32.82026737539181,-0.00037549422515979254
32.843075066410144,-0.0003798003942429982
32.86588275742849,-0.00038415594163725684
32.88869044844683,-0.0003885614334459586
32.911498139465166,-0.0003930174422590121
32.93430583048351,-0.0003975245472296469
32.957113521501846,-0.00040208333414728825
32.97992121252019,-0.0004066943955145777
33.00272890353853,-0.00041135833062373896
33.02553659455687,-0.0004160757456349071
33.04834428557521,-0.0004208472536538042
33.07115197659355,-0.0004256734748131231
33.09395966761189,-0.0004305550363506393
33.116767358630234,-0.0004354925726923398
33.13957504964857,-0.0004404867255338082
33.162382740666914,-0.00044553814392357216
33.18519043168525,-0.00045064748434797886
33.20799812270359,-0.0004558154108151973
33.23080581372193,-0.0004610425949422754
33.25361350474027,-0.0004663297160415426
33.276421195758616,-0.00047167746120941283
33.29922888677695,-0.00047708652541518634
33.322036577795295,-0.0004825576115905077
33.34484426881363,-0.00048809143072209526
33.367651959831974,-0.000493688701941635
33.39045965085032,-0.0004993501526217831
33.413267341868654,-0.0005050765184678056
33.436075032887,-0.0005108685436148894
33.45888272390533,-0.0005167269807239276
33.481690414923676,-0.0005226525910790499
33.50449810594202,-0.0005286461446858065
33.527305796960356,-0.0005347084203721895
33.5501134879787,-0.000540840205888782
33.572921178997035,-0.0005470422980108693
33.59572887001538,-0.0005533155026420788
33.61853656103372,-0.0005596606349180192
33.64134425205206,-0.0005660785193138478
33.6641519430704,-0.0005725699897485636
33.68695963408874,-0.000579135889694757
33.70976732510708,-0.0005857770722879212
33.73257501612542,-0.0005924944004357652
33.75538270714376,-0.0005992887469316715
33.7781903981621,-0.0006061609945666262
33.80099808918044,-0.0006131120362437686
33.82380578019878,-0.0006201427750946852
33.846613471217125,-0.0006272541245954856
33.86942116223546,-0.0006344470086863699
33.892228853253805,-0.0006417223618901052
33.91503654427214,-0.0006490811294335558
33.937844235290484,-0.0006565242673709604
33.96065192630883,-0.0006640527427061163
33.98345961732716,-0.000671667533518494
34.00626730834551,-0.0006793696290910934
34.02907499936384,-0.0006871600300361224
34.051882690382186,-0.0006950397484265623
34.07469038140053,-0.0007030098079262098
34.097498072418865,-0.000711071243922989
34.12030576343721,-0.0007192251036622643
34.143113454455545,-0.0007274724463829912
34.16592114547389,-0.0007358143434545184
34.18872883649223,-0.0007442518785162298
34.21153652751057,-0.0007527861476156572
34.23434421852891,-0.0007614182593527022
34.25715190954725,-0.0007701493350223323
34.27995960056559,-0.0007789805087590208
34.30276729158393,-0.000787912927685115
34.32557498260227,-0.0007969477520568043
34.34838267362061,-0.0008060861554177243
34.37119036463895,-0.0008153293247471073
34.39399805565729,-0.0008246784606164411
34.416805746675635,-0.000834134777343073
34.43961343769397,-0.0008436995031483976
34.462421128712315,-0.0008533738803153873
34.48522881973065,-0.0008631591653504887
34.508036510748994,-0.0008730566291463913
34.53084420176734,-0.0008830675571452316
34.55365189278567,-0.0008931932495059443
34.57645958380402,-0.0009034350212716114
34.59926727482235,-0.0009137942025407419
34.622074965840696,-0.0009242721386374566
34.64488265685904,-0.000934870190287568
34.667690347877375,-0.0009455897337931287
34.69049803889572,-0.0009564321612102573
34.713305729914055,-0.0009673988805304504
34.7361134209324,-0.0009784913158614624
34.75892111195074,-0.0009897109076118925
34.78172880296908,-0.0010010591126768617
34.80453649398742,-0.0010125374046274019
34.82734418500576,-0.0010241472739000602
34.8501518760241,-0.00103589022798956
34.87295956704244,-0.0010477677916436426
34.89576725806078,-0.0010597815070611818
34.91857494907912,-0.001071932934089209
34.94138264009746,-0.0010842236504269183
34.9641903311158,-0.0010966552518279276
34.986998022134145,-0.0011092293523071199
35.00980571315248,-0.0011219475843483602
35.032613404170824,-0.0011348115991165733
35.05542109518916,-0.0011478230666698234
35.078228786207504,-0.0011609836761759741
35.10103647722585,-0.0011742951361302242
35.12384416824418,-0.0011877591745756927
35.146651859262526,-0.0012013775393268466
35.16945955028086,-0.0012151519981948883
35.192267241299206,-0.0012290843392164163
35.21507493231755,-0.0012431763708836148
35.237882623335885,-0.001257429922378587
35.26069031435423,-0.0012718468438076896
35.283498005372564,-0.00128642900644285
35.30630569639091,-0.0013011783029604803
35.32911338740925,-0.0013160966476871592
35.35192107842759,-0.0013311859768466209
35.37472876944593,-0.0013464482488091426
35.397536460464266,-0.0013618854443437725
35.42034415148261,-0.0013774995668746988
35.44315184250095,-0.0013932926427389317
35.46595953351929,-0.0014092667214479107
35.48876722453763,-0.0014254238759521655
35.51157491555597,-0.0014417662029077266
35.53438260657431,-0.0014582958229462397
35.557190297592655,-0.0014750148809503211
35.57999798861099,-0.0014919255463276008
35.602805679629334,-0.0015090300132915323
35.62561337064767,-0.0015263305011445993
35.64842106166601,-0.0015438292545621797
35.67122875268435,-0.0015615285438849182
35.69403644370269,-0.00157943066540826
35.716844134721036,-0.0015975379416798441
35.73965182573937,-0.0016158527217984197
35.762459516757716,-0.0016343773817162558
35.78526720777605,-0.0016531143245443849
35.808074898794395,-0.0016720659808630877
35.83088258981274,-0.0016912348090349907
35.853690280831074,-0.0017106232955192587
35.87649797184942,-0.0017302339551951674
35.899305662867754,-0.001750069331682186
35.9221133538861,-0.0017701319976698771
35.94492104490444,-0.0017904245552480167
35.967728735922776,-0.0018109496362402025
35.99053642694112,-0.0018317099025446661
36.013344117959456,-0.0018527080464748617
36.0361518089778,-0.0018739467911059527
36.05895949999614,-0.001895428890625874
36.08176719101448,-0.001917157130687925
36.10457488203282,-0.00193913432877078
36.12738257305116,-0.0019613633345382823
36.1501902640695,-0.001983847030207743
36.172997955087844,-0.0020065883309191173
36.19580564610618,-0.0020295901851098523
36.21861333712452,-0.002052855574893662
36.24142102814286,-0.0020763875164432257
36.2642287191612,-0.00210018906037857
36.287036410179546,-0.002124263292157182
36.30984410119788,-0.0021486133324706822
36.332651792216225,-0.0021732423376471586
36.35545948323456,-0.0021981535000535073
36.378267174252905,-0.002223350048506501
36.40107486527125,-0.002248835248687127
36.423882556289584,-0.002274612403559726
36.44669024730793,-0.0023006848537941876
36.46949793832626,-0.002327055978196218
36.49230562934461,-0.0023537291941402236
36.51511332036295,-0.0023807079580054715
36.537921011381286,-0.0024079957656222835
36.56072870239963,-0.002435596152717139
36.583536393417965,-0.0024635126953675987
36.60634408443631,-0.0024917490104602834
36.62915177545465,-0.0025203087561532114
36.65195946647299,-0.002549195632344469
36.67476715749133,-0.0025784133811478606
36.69757484850967,-0.0026079657873685595
36.72038253952801,-0.0026378566789911945
36.743190230546354,-0.0026680899276670627
36.76599792156469,-0.0026986694492111664
36.78880561258303,-0.0027295992041022963
36.81161330360137,-0.0027608831979896676
36.83442099461971,-0.00279252548220566
36.857228685638056,-0.0028245301542835816
36.88003637665639,-0.00285690135848088
36.902844067674735,-0.0028896432863102176
36.92565175869307,-0.0029227601770735914
36.948459449711414,-0.0029562563184045345
36.97126714072976,-0.002990136046815985
36.994074831748094,-0.003024403748253831
37.01688252276644,-0.0030590638586567792
37.03969021378477,-0.0030941208645227742
37.06249790480312,-0.003129579303481961
37.08530559582146,-0.0031654437648746606
37.108113286839796,-0.003201718890337214
37.13092097785814,-0.003238409374395229
37.153728668876475,-0.003275519965059891
37.17653635989482,-0.003313055464435182
37.19934405091316,-0.0033510207293285877
37.2221517419315,-0.0033894206718709727
37.24495943294984,-0.0034282602601419044
37.26776712396818,-0.0034675445188017476
37.29057481498652,-0.0035072785297324827
37.313382506004864,-0.0035474674326846332
37.3361901970232,-0.003588116425929649
37.35899788804154,-0.003629230766924071
37.38180557905988,-0.003670815772975878
37.40461327007822,-0.0037128768219219623
37.427420961096566,-0.0037554193528110584
37.4502286521149,-0.003798448866596271
37.473036343133245,-0.003841970926832407
37.49584403415158,-0.003885991160384433
37.518651725169924,-0.003930515258140727
37.54145941618827,-0.003975548975736166
37.564267107206604,-0.004021098134283261
37.58707479822495,-0.00406716862110986
37.60988248924328,-0.004113766390506224
37.632690180261626,-0.004160897464481048
37.65549787127997,-0.004208567933523371
37.678305562298306,-0.004256783957375843
37.70111325331665,-0.004305551765814741
37.723920944334985,-0.0043548776594393756
37.74672863535333,-0.004404768010469573
37.76953632637167,-0.004455229263552094
37.79234401739001,-0.004506267936577315
37.81515170840835,-0.00455789062150267
37.83795939942669,-0.004610103985187002
37.86076709044503,-0.004662914770232989
37.88357478146337,-0.004716329795840477
37.90638247248171,-0.004770355958666361
37.92919016350005,-0.00482500023369712
37.95199785451839,-0.004880269675128548
37.97480554553673,-0.004936171417256625
37.997613236555075,-0.004992712675378189
38.02042092757341,-0.005049900746699479
38.043228618591755,-0.005107743011258192
38.06603630961009,-0.005166246932851663
38.088844000628434,-0.0052254200599787795
38.11165169164677,-0.005285270026789972
38.13445938266511,-0.005345804554049427
38.15726707368346,-0.005407031450104496
38.18007476470179,-0.005468958611870598
38.202882455720136,-0.005531594025822668
38.22569014673847,-0.0055949457689999085
38.248497837756815,-0.005659022010020373
38.27130552877516,-0.005723831010107317
38.294113219793495,-0.00578938112412647
38.31692091081184,-0.005855680801633333
38.339728601830174,-0.005922738587935762
38.36253629284852,-0.005990563125163521
38.38534398386686,-0.006059163153351809
38.4081516748852,-0.006128547511537219
38.43095936590354,-0.006198725138864384
38.453767056921876,-0.006269705075703983
38.47657474794022,-0.006341496464785784
38.49938243895856,-0.006414108552340862
38.5221901299769,-0.006487550689257782
38.54499782099524,-0.006561832332251428
38.56780551201358,-0.0066369630450436225
38.59061320303192,-0.00671295249955771
38.613420894050265,-0.006789810477124694
38.6362285850686,-0.006867546869703575
38.659036276086944,-0.00694617168111541
38.68184396710528,-0.007025695028287433
38.70465165812362,-0.00710612714251527
38.72745934914197,-0.007187478370735846
38.7502670401603,-0.007269759176813174
38.773074731178646,-0.007352980142842028
38.79588242219698,-0.007437151970461654
38.818690113215325,-0.007522285482183877
38.84149780423367,-0.007608391622739549
38.864305495252005,-0.0076954814604334966
38.88711318627035,-0.0077835661885204115
38.909920877288684,-0.007872657126588384
38.93272856830703,-0.007962765721964474
38.95553625932537,-0.008053903551130098
38.97834395034371,-0.00814608232115299
39.00115164136205,-0.008239313871137082
39.023959332380386,-0.008333610173682815
39.04676702339873,-0.008428983336368219
39.06957471441707,-0.00852544560324174
39.09238240543541,-0.008623009356333873
39.11519009645375,-0.008721687117182924
39.13799778747209,-0.008821491548377833
39.16080547849043,-0.008922435455117795
39.183613169508774,-0.009024531786787337
39.20642086052711,-0.009127793638548454
39.229228551545454,-0.009232234252951055
39.25203624256379,-0.009337867021557585
39.27484393358213,-0.009444705486587955
39.297651624600476,-0.009552763342579079
39.32045931561881,-0.00966205443806448
39.343267006637156,-0.009772592777268755
39.36607469765549,-0.009884392521823392
39.388882388673835,-0.009997467992495925
39.41169007969218,-0.01011183367094328
39.434497770710514,-0.010227504201477155
39.45730546172886,-0.010344494392852925
39.480113152747194,-0.010462819220074512
39.50292084376554,-0.010582493826219305
39.52572853478388,-0.01070353352428119
39.548536225802216,-0.010825953799034112
39.57134391682056,-0.010949770308914149
39.594151607838896,-0.011074998887920377
39.61695929885724,-0.011201655547537763
39.63976698987558,-0.011329756478678388
39.66257468089392,-0.01145931805364208
39.68538237191226,-0.011590356828099967
39.7081900629306,-0.01172288954309614
39.73099775394894,-0.011856933127070904
39.753805444967284,-0.011992504697904117
39.77661313598562,-0.012129621564981652
39.79942082700396,-0.012268301231281056
39.8222285180223,-0.012408561395478593
39.84503620904064,-0.012550419954080069
39.867843900058986,-0.012693895003570429
39.89065159107732,-0.012839004842588438
39.913459282095666,-0.012985767974120339
39.936266973114,-0.013134203107719705
39.959074664132345,-0.01328432916174627
39.98188235515069,-0.013436165265628323
40.004690046169024,-0.013589730762151718
40.02749773718737,-0.01374504520976634
40.050305428205704,-0.013902128384918763
40.07311311922405,-0.014061000284411299
40.09592081024239,-0.014221681127777627
40.118728501260726,-0.014384191359690721
40.14153619227907,-0.014548551652388452
40.164343883297406,-0.014714782908126242
40.18715157431575,-0.014882906261655456
40.20995926533409,-0.015052943082723196
40.23276695635243,-0.0152249149786
40.25557464737077,-0.015398843796632228
40.27838233838911,-0.015574751626817969
40.30119002940745,-0.015752660804410692
40.323997720425794,-0.015932593912547987
40.34680541144413,-0.01611457378490537
40.36961310246247,-0.016298623508377394
40.39242079348081,-0.016484766425785582
40.41522848449915,-0.016673026138610575
40.438036175517496,-0.016863426509753525
40.46084386653583,-0.01705599166632433
40.483651557554175,-0.017250746002455367
40.50645924857251,-0.017447714182144306
40.529266939590855,-0.0176469211421228
40.5520746306092,-0.017848392094756037
40.574882321627534,-0.018052152530966866
40.59769001264588,-0.018258228223190728
40.62049770366421,-0.018466645228356775
40.64330539468256,-0.018677429890901025
40.66611308570089,-0.01889060884580358
40.688920776719236,-0.019106209021660235
40.71172846773758,-0.01932425764377947
40.734536158755915,-0.019544782237308884
40.75734384977426,-0.019767810630396045
40.780151540792595,-0.01999337095737232
40.80295923181094,-0.020221491661972468
40.82576692282928,-0.020452201500581264
40.84857461384762,-0.020685529545511786
40.87138230486596,-0.020921505188314673
40.8941899958843,-0.021160158143117714
40.91699768690264,-0.021401518449996645
40.93980537792098,-0.021645616478377133
40.96261306893932,-0.021892482930468186
40.98542075995766,-0.022142148844728524
41.008228450976,-0.022394645599361707
41.03103614199434,-0.022650004915847982
41.053843833012685,-0.02290825886250291
41.07665152403102,-0.023169439858073775
41.099459215049365,-0.02343358067536412
41.1222669060677,-0.023700714444893647
41.145074597086044,-0.02397087465859169
41.16788228810439,-0.024244095173521052
41.19068997912272,-0.024520410215637813
41.21349767014107,-0.02479985438358302
41.2363053611594,-0.02508246265250947
41.259113052177746,-0.025368270377941038
41.28192074319609,-0.025657313299666903
41.304728434214425,-0.025949627545670234
41.32753612523277,-0.026245249636089187
41.350343816251105,-0.026544216487215645
41.37315150726945,-0.026846565415526675
41.39595919828779,-0.027152334141750688
41.41876688930613,-0.027461560794968493
41.44157458032447,-0.02777428391675171
41.46438227134281,-0.028090542465333383
41.48718996236115,-0.02841037581981602
41.50999765337949,-0.028733823784415077
41.53280534439783,-0.029060926592735715
41.55561303541617,-0.02939172491209094
41.57842072643451,-0.02972625984784768
41.60122841745285,-0.030064572947816993
41.624036108471195,-0.03040670620667518
41.64684379948953,-0.030752702070422033
41.669651490507874,-0.031102603440878798
41.69245918152621,-0.03145645368021623
41.715266872544554,-0.03181429661552694
41.7380745635629,-0.03217617654342764
41.76088225458123,-0.03254213823470306
41.783689945599576,-0.03291222693898218
41.80649763661791,-0.03328648838945632
41.829305327636256,-0.03366496880762972
41.8521130186546,-0.03404771490811014
41.874920709672935,-0.034434773903434496
41.89772840069128,-0.03482619350893358
41.920536091709614,-0.0352220219476315
41.94334378272796,-0.03562230795518434
41.9661514737463,-0.03602710078485489
41.98895916476464,-0.03643645021252484
42.01176685578298,-0.03685040654174519
42.034574546801316,-0.03726902060881982
42.05738223781966,-0.037692343787932917
42.080189928838,-0.03812042799630736
42.10299761985634,-0.03855332569940266
42.12580531087468,-0.03899108991615101
42.14861300189302,-0.03943377422422806
42.17142069291136,-0.03988143276536254
42.194228383929705,-0.040334120250681206
42.21703607494804,-0.040791891966091134
42.239843765966384,-0.04125480377769948
42.26265145698472,-0.04172291213726864
42.28545914800306,-0.04219627408770783
42.30826683902141,-0.04267494726860199
42.33107453003974,-0.043158989921774894
42.353882221058086,-0.04364846089689205
42.37668991207642,-0.04414341965709318
42.399497603094765,-0.04464392628466736
42.42230529411311,-0.04515004148675814
42.445112985131445,-0.04566182660110631
42.46792067614979,-0.046179343601827495
42.490728367168124,-0.04670265510522383
42.51353605818647,-0.04723182437563053
42.53634374920481,-0.04776691533129649
42.55915144022315,-0.0483079925502983
42.58195913124149,-0.048855121276489354
42.604766822259826,-0.04940836742547973
42.62757451327817,-0.04996779759065162
42.65038220429651,-0.050533479049204744
42.67318989531485,-0.05110547976823653
42.69599758633319,-0.05168386841085161
42.71880527735153,-0.05226871434230409
42.74161296836987,-0.05286008763617027
42.764420659388215,-0.05345805908055193
42.78722835040655,-0.05406270018430874
42.810036041424894,-0.054674083183321946
42.83284373244323,-0.05529228104678431
42.85565142346157,-0.055917367483521455
42.87845911447992,-0.0565494169483379
42.90126680549825,-0.05718850464839272
42.924074496516596,-0.05783470654960032
42.94688218753493,-0.05848809938305803
42.969689878553275,-0.05914876065149838
42.99249756957162,-0.059816768635765356
43.015305260589955,-0.060492202401316225
43.0381129516083,-0.061175141804745745
43.060920642626634,-0.06186566750032966
43.08372833364498,-0.06256386094659655
43.10653602466331,-0.06326980441291272
43.12934371568166,-0.06398358098609157
43.1521514067,-0.06470527457702127
43.174959097718336,-0.06543496992730861
43.19776678873668,-0.06617275261594271
43.220574479755015,-0.06691870906597043
43.24338217077336,-0.06767292655119325
43.2661898617917,-0.06843549320287069
43.28899755281004,-0.06920649801644266
43.31180524382838,-0.06998603085826123
43.33461293484672,-0.07077418247233114
43.35742062586506,-0.071571044487064
43.380228316883404,-0.07237670942203625
43.40303600790174,-0.07319127069475695
43.42584369892008,-0.07401482262744184
43.44865138993842,-0.0748474604537859
43.47145908095676,-0.07568928032574837
43.494266771975106,-0.07654037932032964
43.51707446299344,-0.0774008554463535
43.539882154011785,-0.0782708076512492
43.56268984503012,-0.07915033582782319
43.585497536048464,-0.08003954082103672
43.60830522706681,-0.08093852443476547
43.631112918085144,-0.0818473894385613
43.65392060910349,-0.08276623957439895
43.67672830012182,-0.08369517956341162
43.699535991140166,-0.08463431511261454
43.72234368215851,-0.08558375292161226
43.745151373176846,-0.0865436006892896
43.76795906419519,-0.0875139671204836
43.790766755213525,-0.0884949619326327
43.81357444623187,-0.08948669586240446
43.83638213725021,-0.09048928067229754
43.85918982826855,-0.09150282915721498
43.88199751928689,-0.0925274551510101
43.90480521030523,-0.09356327353299705
43.92761290132357,-0.09461040023442986
43.950420592341914,-0.09566895224494253
43.97322828336025,-0.09673904761895104
43.99603597437859,-0.09782080548201366
44.01884366539693,-0.09891434603714475
44.04165135641527,-0.10001979057108511
44.064459047433616,-0.10113726146051734
44.08726673845195,-0.10226688217823393
44.110074429470295,-0.10340877729924658
44.13288212048863,-0.10456307250683765
44.155689811506974,-0.10572989459855184
44.17849750252532,-0.1069093714921204
44.201305193543654,-0.10810163223132103
44.224112884562,-0.10930680699176626
44.24692057558033,-0.11052502708661478
44.269728266598676,-0.1117564249722114
44.29253595761702,-0.11300113425364045
44.315343648635356,-0.11425928969019841
44.3381513396537,-0.11553102720077883
44.360959030672035,-0.11681648386916402
44.38376672169038,-0.11811579794922421
44.40657441270872,-0.11942910887001498
44.42938210372706,-0.12075655724077496
44.4521897947454,-0.12209828485581725
44.47499748576374,-0.12345443469930469
44.49780517678208,-0.12482515094992033
44.52061286780042,-0.1262105789854087
44.54342055881876,-0.12761086538700114
44.5662282498371,-0.12902615794371303
44.58903594085544,-0.13045660565650374
44.61184363187378,-0.13190235874231007
44.634651322892125,-0.133363568637927
44.65745901391046,-0.13484038800375384
44.680266704928805,-0.13633297072738382
44.70307439594714,-0.13784147192703955
44.725882086965484,-0.13936604795485097
44.74868977798383,-0.14090685639996414
44.77149746900216,-0.14246405609148358
44.79430516002051,-0.14403780710123812
44.81711285103884,-0.1456282707463649
44.839920542057186,-0.14723560959170945
44.86272823307553,-0.1488599874520315
44.885535924093865,-0.15050156939401682
44.90834361511221,-0.1521605217380851
44.931151306130545,-0.15383701205998782
44.95395899714889,-0.1555312091921958
44.97676668816723,-0.1572432832250602
44.99957437918557,-0.15897340550775438
45.02238207020391,-0.16072174864897995
45.04518976122225,-0.16248848651743097
45.06799745224059,-0.16427379424202113
45.09080514325893,-0.16607784821185242
45.11361283427727,-0.16790082607592774
45.13642052529561,-0.16974290674260387
45.15922821631395,-0.17160427037876455
45.18203590733229,-0.17348509840872572
45.204843598350635,-0.17538557351284528
45.22765128936897,-0.177305879625851
45.250458980387315,-0.1792462019348639
45.27326667140565,-0.1812067268771152
45.296074362423994,-0.18318764213735472
45.31888205344234,-0.1851891366449327
45.34168974446067,-0.18721140057055694
45.36449743547902,-0.18925462532271792
45.38730512649735,-0.19131900354375939
45.410112817515696,-0.19340472910561185
45.43292050853404,-0.19551199710515682
45.455728199552375,-0.19764100385922792
45.47853589057072,-0.19979194689924198
45.501343581589055,-0.20196502496543653
45.5241512726074,-0.20416043800072894
45.546958963625734,-0.20637838714416545
45.56976665464408,-0.20861907472397156
45.59257434566242,-0.21088270425018021
45.61538203668076,-0.21316948040683772
45.6381897276991,-0.2154796090437804
45.660997418717436,-0.21781329716796174
45.68380510973578,-0.22017075293433921
45.70661280075412,-0.2225521856362914
45.72942049177246,-0.22495780569557555
45.7522281827908,-0.22738782465180774
45.77503587380914,-0.22984245515144916
45.79784356482748,-0.2323219109363095
45.820651255845824,-0.23482640683153608
45.84345894686416,-0.2373561587330951
45.866266637882504,-0.2399113835947333
45.88907432890084,-0.24249229941439915
45.91188201991918,-0.24509912522013322
45.934689710937526,-0.24773208105540065
45.95749740195586,-0.2503913879638689
45.980305092974206,-0.2530772679736165
46.00311278399254,-0.2557899440807576
46.025920475010885,-0.25852964023248975
46.04872816602923,-0.2612965813095302
46.071535857047564,-0.26409099310795725
46.09434354806591,-0.2669131023204331
46.117151239084244,-0.26976313651679146
46.13995893010259,-0.2726413241240057
46.16276662112093,-0.27554789440549565
46.185574312139266,-0.27848307743979234
46.20838200315761,-0.2814471040985346
46.231189694175946,-0.2844402060237879
46.25399738519429,-0.28746261560469
46.27680507621263,-0.29051456595339414
46.29961276723097,-0.2935962908803164
46.32242045824931,-0.29670802486867454
46.34522814926765,-0.29985000304829734
46.36803584028599,-0.30302246116871684
46.390843531304334,-0.30622563557150917
46.41365122232267,-0.30945976316189727
46.43645891334101,-0.31272508137959665
46.45926660435935,-0.3160218281688854
46.48207429537769,-0.31935024194791656
46.504881986396036,-0.32271056157722955
46.52768967741437,-0.32610302632748334
46.550497368432715,-0.32952787584638704
46.57330505945105,-0.3329853501248133
46.596112750469395,-0.33647568946211154
46.61892044148774,-0.33999913443057705
46.641728132506074,-0.34355592583910444
46.66453582352442,-0.3471463046959961
46.687343514542754,-0.3507705121709136
46.7101512055611,-0.35442878955599205
46.73295889657944,-0.35812137822607537
46.755766587597776,-0.36184851959809294
46.77857427861612,-0.36561045508956164
46.801381969634456,-0.36940742607619476
46.8241896606528,-0.3732396738486407
46.84699735167114,-0.3771074395683087
46.86980504268948,-0.38101096422230796
46.89261273370782,-0.3849504885774827
46.91542042472616,-0.3889262531335236
46.9382281157445,-0.392938498075184
46.961035806762844,-0.3969874632235578
46.98384349778118,-0.40107338798644876
47.00665118879952,-0.40519651130780915
47.02945887981786,-0.40935707161624013
47.0522665708362,-0.4135553067725745
47.075074261854546,-0.4177914540165069
47.09788195287288,-0.4220657499122968
47.120689643891225,-0.4263784302935345
47.14349733490956,-0.43072973020694993
47.166305025927905,-0.43511988385530226
47.18911271694625,-0.4395491245393056
47.211920407964584,-0.44401768459862584
47.23472809898293,-0.44852579535193565
47.25753579000126,-0.45307368703601675
47.28034348101961,-0.45766158874394136
47.30315117203795,-0.46228972836229715
47.325958863056286,-0.46695833250749136
47.34876655407463,-0.4716676264611242
47.371574245092965,-0.4764178341044191
47.39438193611131,-0.481209177851754
47.41718962712965,-0.48604187858324877
47.43999731814799,-0.4909161555764599
47.46280500916633,-0.4958322264371649
47.48561270018467,-0.5007903070292334
47.50842039120301,-0.5057906114036299
47.531228082221354,-0.5108333517265096
47.55403577323969,-0.5159187382064543
47.57684346425803,-0.5210469790208447
47.59965115527637,-0.5262182802413605
47.62245884629471,-0.5314328457586625
47.645266537313056,-0.5366908772062173
47.66807422833139,-0.5419925738833217
47.690881919349735,-0.5473381326773163
47.71368961036807,-0.5527277479849989
47.736497301386414,-0.5581616116332775
47.75930499240476,-0.5636399127990445
47.782112683423094,-0.56916283792832
47.80492037444144,-0.5747305706546693
47.82772806545977,-0.5803432917168952
47.850535756478116,-0.5860011788760668
47.87334344749646,-0.5917044068318535
47.896151138514796,-0.5974531471382282
47.91895882953314,-0.6032475681185436
47.941766520551475,-0.6090878347799884
47.96457421156982,-0.6149741087274894
47.987381902588155,-0.6209065480770296
48.0101895936065,-0.6268853073684663
48.03299728462484,-0.6329105374778177
48.05580497564318,-0.63898238552909
48.07861266666152,-0.6451009948056611
48.10142035767986,-0.6512665046612232
48.1242280486982,-0.6574790504303659
48.14703573971654,-0.6637387633387755
48.16984343073488,-0.6700457704131262
48.19265112175322,-0.6764001943906808
48.21545881277156,-0.6828021536286134
48.2382665037899,-0.6892517620131375
48.261074194808245,-0.6957491288684189
48.28388188582658,-0.702294358865358
48.306689576844924,-0.708887551930259
48.32949726786326,-0.7155288031534051
48.352304958881604,-0.7222182026976322
48.37511264989995,-0.7289558357068767
48.39792034091828,-0.7357417822147939
48.420728031936626,-0.742576117053465
48.44353572295496,-0.7494589097622213
48.466343413973306,-0.7563902244966744
48.48915110499165,-0.7633701199379415
48.511958796009985,-0.7703986492021615
48.53476648702833,-0.777475859750326
48.557574178046664,-0.7846017932984555
48.58038186906501,-0.7917764857282217
48.60318956008335,-0.7989999669979964
48.62599725110169,-0.8062722610544403
48.64880494212003,-0.8135933857446505
48.671612633138366,-0.820963352728905
48.69442032415671,-0.8283821673941061
48.71722801517505,-0.835849828767914
48.74003570619339,-0.8433663294336738
48.76284339721173,-0.8509316554461762
48.78565108823007,-0.8585457862482762
48.80845877924841,-0.8662086945884881
48.831266470266755,-0.8739203464395402
48.85407416128509,-0.8816807009180074
48.876881852303434,-0.8894897102050537
48.89968954332177,-0.8973473194683147
48.92249723434011,-0.9052534667850468
48.94530492535846,-0.9132080830665215
48.96811261637679,-0.921211091983785
48.990920307395136,-0.9292624098948223
49.01372799841347,-0.9373619457731561
49.036535689431815,-0.9455096011380014
49.05934338045016,-0.9537052699859666
49.082151071468495,-0.9619488387244137
49.10495876248684,-0.9702401861065233
49.127766453505174,-0.9785791831680873
49.15057414452352,-0.9869656931661636
49.17338183554186,-0.995399571519567
49.1961895265602,-1.0038806657513253
49.21899721757854,-1.012408815433132
49.241804908596876,-1.0209838521318266
49.26461259961522,-1.0296055993580333
49.28742029063356,-1.0382738725169285
49.3102279816519,-1.046988478861268
49.33303567267024,-1.055749217446701
49.35584336368858,-1.0645558790894036
49.37865105470692,-1.0734082463261536
49.401458745725265,-1.0823060933768203
49.4242664367436,-1.0912491861093943
49.447074127761944,-1.1002372820075834
49.46988181878028,-1.1092701301409986
49.49268950979862,-1.118347471138054
49.51549720081697,-1.1274690371615481
49.5383048918353,-1.1366345518870427
49.561112582853646,-1.14584373048407
49.58392027387198,-1.1550962796001742
49.606727964890325,-1.1643918973479206
49.62953565590867,-1.173730273294815
49.652343346927005,-1.1831110884562697
49.67515103794535,-1.1925340152916082
49.697958728963684,-1.2019987177031393
49.72076641998203,-1.2115048510384
49.74357411100037,-1.2210520620955294
49.76638180201871,-1.2306399891318687
49.78918949303705,-1.2402682618758087
49.811997184055386,-1.2499365015418766
49.83480487507373,-1.259644320849173
49.85761256609207,-1.2693913240430954
49.88042025711041,-1.279177106920455
49.90322794812875,-1.2890012568579772
49.92603563914709,-1.2988633528441824
49.94884333016543,-1.308762965514743
49.971651021183774,-1.3186996571912417
49.99445871220211,-1.32867298192343
50.017266403220454,-1.3386824855349655
50.04007409423879,-1.3487277056726104
50.06288178525713,-1.3588081718589833
50.085689476275476,-1.3689234055487698
50.10849716729381,-1.3790729201884837
50.131304858312156,-1.389256221279746
50.15411254933049,-1.3994728064460495
50.176920240348835,-1.4097221655030887
50.19972793136718,-1.420003780532553
50.222535622385514,-1.4303171259594545
50.24534331340386,-1.4406616686329534
50.268151004422194,-1.4510368679106274
50.29095869544054,-1.46144217574626
50.31376638645888,-1.4718770367810263
50.336574077477216,-1.4823408884381404
50.35938176849556,-1.4928331610209027
50.382189459513896,-1.5033532778141006
50.40499715053224,-1.5139006551887992
50.427804841550575,-1.5244747027104057
50.45061253256892,-1.5350748232500648
50.47342022358726,-1.545700413099256
50.4962279146056,-1.556350862087631
50.51903560562394,-1.567025553704017
50.54184329664228,-1.577723865220509
50.56465098766062,-1.5884451678196867
50.58745867867896,-1.599188826724805
50.6102663696973,-1.6099542013329902
50.63307406071564,-1.6207406453513535
50.65588175173398,-1.6315475069359306
50.67868944275232,-1.6423741288334688
50.701497133770665,-1.6532198485259058
50.724304824789,-1.6640839983775455
50.747112515807345,-1.6749659057848496
50.76992020682568,-1.6858648933287206
50.792727897844024,-1.6967802789293047
50.81553558886237,-1.7077113760031324
50.838343279880704,-1.7186574936226022
50.86115097089905,-1.7296179366777071
50.88395866191738,-1.7405920060398719
50.906766352935726,-1.7515789987279207
50.92957404395407,-1.7625782080759786
50.952381734972406,-1.7735889239033105
50.97518942599075,-1.784610432685971
50.997997117009085,-1.7956420177301484
51.02080480802743,-1.806682959347192
51.04361249904577,-1.8177325350301274
51.06642019006411,-1.8287900196316547
51.08922788108245,-1.8398546855434967
51.11203557210079,-1.8509258028769702
51.13484326311913,-1.8620026396447584
51.15765095413747,-1.8730844619436984
51.18045864515581,-1.8841705341385537
51.20326633617415,-1.8952601190466465
51.22607402719249,-1.9063524781232095
51.24888171821083,-1.9174468716474415
51.271689409229175,-1.9285425589090608
51.29449710024751,-1.939638798395339
51.317304791265855,-1.9507348479784743
51.34011248228419,-1.961829965103171
51.362920173302534,-1.9729234069743973
51.38572786432088,-1.984014430745124
51.40853555533921,-1.9951022937040188
51.43134324635756,-2.0061862534629533
51.45415093737589,-2.017265568144199
51.476958628394236,-2.0283394965672716
51.49976631941258,-2.0394072984352376
51.522574010430915,-2.050468234520449
51.54538170144926,-2.061521566849582
51.568189392467595,-2.0725665588878317
51.59099708348594,-2.0836024757222553
51.61380477450428,-2.094628584244055
51.63661246552262,-2.105644153329787
51.65942015654096,-2.1166484540213677
51.6822278475593,-2.127640759704739
51.70503553857764,-2.138620346287186
51.72784322959598,-2.1495864923731056
51.75065092061432,-2.1605384794382236
51.77345861163266,-2.1714755920021234
51.796266302651,-2.182397117798976
51.81907399366934,-2.1933023479464495
51.841881684687685,-2.204190577112624
51.86468937570602,-2.2150611036809034
51.887497066724364,-2.225913229912804
51.9103047577427,-2.236746262108511
51.933112448761044,-2.2475595107652007
51.95592013977939,-2.2583522907329567
51.97872783079772,-2.2691239213682755
52.001535521816066,-2.279873726685069
52.0243432128344,-2.2906010355030513
52.047150903852746,-2.301305181593518
52.06995859487109,-2.311985503822368
52.092766285889425,-2.322641346290365
52.11557397690777,-2.3332720584705644
52.138381667926105,-2.343876995342794
52.16118935894445,-2.3544555175252277
52.18399704996279,-2.365006991402892
52.20680474098113,-2.3755307892531325
52.22961243199947,-2.3860262893679716
52.25242012301781,-2.396492876173255
52.27522781403615,-2.4069299403446482
52.29803550505449,-2.4173368789203282
52.32084319607283,-2.4277130954104145
52.34365088709117,-2.438057999903079
52.36645857810951,-2.448371009167259
52.38926626912785,-2.458651546752023
52.412073960146195,-2.468899043082476
52.43488165116453,-2.4791129355522488
52.457689342182874,-2.4892926686125105
52.48049703320121,-2.499437693857471
52.503304724219554,-2.509547470106416
52.5261124152379,-2.5196214634821774
52.54892010625623,-2.5296591474860985
52.571727797274576,-2.539660003069456
52.59453548829291,-2.549623518701298
52.617343179311256,-2.559549190432776
52.6401508703296,-2.5694365219578676
52.662958561347935,-2.5792850246705785
52.68576625236628,-2.589094217718583
52.708573943384614,-2.598863628053292
52.73138163440296,-2.6085927904764192
52.7541893254213,-2.618281247682973
52.77699701643964,-2.6279285503007594
52.79980470745798,-2.637534256926384
52.822612398476316,-2.6470979341577303
52.84542008949466,-2.6566191566230186
52.868227780512996,-2.666097507006375
52.89103547153134,-2.6755325760700144
52.91384316254968,-2.6849239626729946
52.93665085356802,-2.6942712737866157
52.95945854458636,-2.703574124506493
52.9822662356047,-2.7128321380612785
53.00507392662304,-2.722044945818159
53.027881617641384,-2.7312121872850654
53.05068930865972,-2.7403335101097057
53.07349699967806,-2.7494085700754347
53.0963046906964,-2.758437031093964
53.11911238171474,-2.7674185651950336
53.141920072733086,-2.7763528525129977
53.16472776375142,-2.785239581270438
53.187535454769765,-2.794078447758825
53.2103431457881,-2.8028691563162544
53.233150836806445,-2.8116114193023494
53.25595852782479,-2.820304957070335
53.278766218843124,-2.8289494979363656
53.30157390986147,-2.837544778146152
53.3243816008798,-2.8460905418389073
53.34718929189815,-2.854586541008736
53.36999698291649,-2.863032535463424
53.392804673934826,-2.8714282927807795
53.41561236495317,-2.8797735882625255
53.438420055971505,-2.888068204885791
53.46122774698985,-2.8963119332523166
53.48403543800819,-2.904504571535358
53.50684312902653,-2.9126459254244024
53.52965082004487,-2.920735808067743
53.55245851106321,-2.928774040012929
53.57526620208155,-2.936760449145226
53.598073893099894,-2.9446948706240668
53.62088158411823,-2.95257714681761
53.64368927513657,-2.9604071272354506
53.66649696615491,-2.9681846684595063
53.68930465717325,-2.975909634073208
53.712112348191596,-2.9835818945889825
53.73492003920993,-2.9912013273741387
53.757727730228275,-2.998767816575204
53.78053542124661,-3.0062812530407372
53.803343112264955,-3.0137415342427403
53.8261508032833,-3.0211485641966584
53.848958494301634,-3.028502253380085
53.87176618531998,-3.0358025186502013
53.89457387633831,-3.0430492831599953
53.91738156735666,-3.0502424762733673
53.940189258375,-3.05738203347911
53.962996949393336,-3.064467896303889
53.98580464041168,-3.071500012224234
54.008612331430015,-3.0784783345776012
54.03142002244836,-3.085402822472596
54.0542277134667,-3.092273440698355
54.07703540448504,-3.0990901596331923
54.09984309550338,-3.105852955152542
54.12265078652172,-3.112561808536232
54.14545847754006,-3.119216706375184
54.168266168558404,-3.1258176404775377
54.19107385957674,-3.132364607774296
54.21388155059508,-3.1388576102245227
54.23668924161342,-3.145296654720121
54.25949693263176,-3.1516817529902816
54.282304623650106,-3.1580129215056103
54.30511231466844,-3.1642901813820026
54.327920005686785,-3.1705135582843096
54.35072769670512,-3.1766830823298173
54.373535387723464,-3.1827987879916253
54.39634307874181,-3.1888607140019163
54.419150769760144,-3.194868903255198
54.44195846077849,-3.2008234027115523
54.46476615179682,-3.2067242632998982
54.487573842815166,-3.2125715398213606
54.51038153383351,-3.218365290852733
54.533189224851846,-3.2241055786501085
54.55599691587019,-3.2297924690526933
54.578804606888525,-3.235426031386843
54.60161229790687,-3.2410063383703656
54.62441998892521,-3.246533466017106
54.64722767994355,-3.2520074935418615
54.67003537096189,-3.257428503265658
54.69284306198023,-3.2627965805213948
54.71565075299857,-3.2681118135599316
54.73845844401691,-3.273374293456595
54.76126613503525,-3.278584114018169
54.78407382605359,-3.2837413716903927
54.80688151707193,-3.288846165465964
54.82968920809027,-3.2938985967931114
54.852496899108615,-3.298898769484725
54.87530459012695,-3.3038467896280967
54.898112281145295,-3.308742765495281
54.92091997216363,-3.313586807454077
54.943727663181974,-3.318379027879703
54.96653535420032,-3.3231195410671273
54.989343045218654,-3.3278084631441094
55.012150736237,-3.3324459119849674
55.03495842725533,-3.337032007125059
55.057766118273676,-3.341566869676047
55.08057380929202,-3.3460506222419006
55.103381500310356,-3.350483388835702
55.1261891913287,-3.3548652947972437
55.148996882347035,-3.359196466711431
55.17180457336538,-3.3634770323275185
55.19461226438372,-3.367707120479172
55.21741995540206,-3.371886861005382
55.2402276464204,-3.376016384672237
55.26303533743874,-3.380095823095558
55.28584302845708,-3.3841253086644145
55.30865071947542,-3.388104974465521
55.33145841049376,-3.39203495420853
55.3542661015121,-3.3959153821522285
55.37707379253044,-3.399746393031629
55.39988148354878,-3.403528121985993
55.42268917456712,-3.407260704487753
55.44549686558546,-3.41094427627238
55.468304556603805,-3.4145789732691543
55.49111224762214,-3.418164931532894
55.513919938640484,-3.4217022871766067
55.53672762965882,-3.4251911763050766
55.55953532067716,-3.4286317349494055
55.58234301169551,-3.432024099002484
55.60515070271384,-3.4353684041554207
55.627958393732186,-3.4386647858349115
55.65076608475052,-3.4419133791415506
55.673573775768865,-3.445114318789106
55.69638146678721,-3.448267739044724
55.719189157805545,-3.451373773670093
55.74199684882389,-3.4544325558635514
55.764804539842224,-3.4574442182031393
55.78761223086057,-3.4604088925905967
55.81041992187891,-3.4633267101963017
55.83322761289725,-3.4661978014051535
55.85603530391559,-3.4690222957633936
55.878842994933926,-3.471800321926355
55.90165068595227,-3.474532007607155
55.92445837697061,-3.477217479526314
55.94726606798895,-3.4798568633622997
55.97007375900729,-3.4824502837029967
55.99288145002563,-3.484997863998095
56.01568914104397,-3.4874997265123975
56.038496832062314,-3.489955992280032
56.06130452308065,-3.492366781059582
56.084112214098994,-3.4947322112901116
56.10691990511733,-3.497052400048091
56.12972759613567,-3.499327463005226
56.152535287154016,-3.5015575143871596
56.17534297817235,-3.5037426669330753
56.198150669190696,-3.5058830318561727
56.22095836020903,-3.5079787188050147
56.243766051227375,-3.510029835825755
56.26657374224572,-3.5120364893252196
56.289381433264055,-3.513998784034854
56.3121891242824,-3.515916822975524
56.334996815300734,-3.517790707423163
56.35780450631908,-3.5196205368752667
56.38061219733742,-3.521406409018226
56.40341988835576,-3.5231484196954854
56.4262275793741,-3.524846662876545
56.449035270392436,-3.5265012306267662
56.47184296141078,-3.5281122130780114
56.49465065242912,-3.529679698400083
56.51745834344746,-3.5312037727729804
56.5402660344658,-3.5326845203599486
56.56307372548414,-3.534122023281329
56.58588141650248,-3.5355163615892007
56.608689107520824,-3.536867613242809
56.63149679853916,-3.538175854084772
56.654304489557504,-3.5394411578180707
56.67711218057584,-3.5406635959838004
56.69991987159418,-3.5418432379397022
56.722727562612526,-3.5429801508394454
56.74553525363086,-3.5440743996126773
56.768342944649206,-3.5451260469458195
56.79115063566754,-3.5461351532636165
56.813958326685885,-3.547101776711438
56.83676601770423,-3.548025973138301
56.859573708722564,-3.5489077960806545
56.88238139974091,-3.5497472967468817
56.905189090759244,-3.550544524002535
56.92799678177759,-3.5512995243563035
56.95080447279593,-3.5520123419466976
56.973612163814266,-3.552683018529452
56.99641985483261,-3.553311593465654
57.019227545850946,-3.553898103710576
57.04203523686929,-3.554442583803229
57.06484292788763,-3.554945065856616
57.08765061890597,-3.555405579548692
57.11045830992431,-3.5558241521140377
57.13326600094265,-3.556200808336224
57.15607369196099,-3.5565355705408788
57.178881382979334,-3.5568284585894583
57.20168907399767,-3.5570794898737055
57.22449676501601,-3.5572886793108114
57.24730445603435,-3.557456039339265
57.27011214705269,-3.557581579915396
57.292919838071036,-3.557665308510616
57.31572752908937,-3.55770723010934
57.338535220107715,-3.5577073472076095
57.36134291112605,-3.557665659812396
57.384150602144395,-3.557582165441602
57.40695829316274,-3.55745685912475
57.429765984181074,-3.557289733404357
57.45257367519942,-3.557080778338005
57.47538136621775,-3.5568299815011035
57.4981890572361,-3.5565373279903354
57.52099674825444,-3.5562028004278092
57.543804439272776,-3.555826378965891
57.56661213029112,-3.5554080412927376
57.589419821309455,-3.5549477626385313
57.6122275123278,-3.554445515782404
57.63503520334614,-3.553901271060062
57.65784289436448,-3.553314996372123
57.68065058538282,-3.5526866571931395
57.70345827640116,-3.552016216581348
57.7262659674195,-3.5513036351891083
57.749073658437844,-3.550548871274067
57.77188134945618,-3.5497518807110295
57.79468904047452,-3.54891261700455
57.81749673149286,-3.5480310313022385
57.8403044225112,-3.5471070724087985
57.86311211352954,-3.546140686800782
57.88591980454788,-3.5451318186420786
57.908727495566225,-3.5440804098001406
57.93153518658456,-3.542986399862944
57.954342877602905,-3.5418497261566864
57.97715056862124,-3.5406703237642354
57.999958259639584,-3.539448125544325
58.02276595065793,-3.538183062151506
58.04557364167626,-3.5368750620568545
58.06838133269461,-3.5355240515694413
58.09118902371294,-3.534129954858571
58.113996714731286,-3.53269269397679
58.13680440574963,-3.531212188883677
58.159612096767965,-3.529688357470407
58.18241978778631,-3.528121115585107
58.205227478804645,-3.526510377059004
58.22803516982299,-3.524856053733364
58.25084286084133,-3.523158055487239
58.27365055185967,-3.521416290266018
58.29645824287801,-3.5196306641107857
58.31926593389635,-3.5178010811885088
58.34207362491469,-3.5159274438230343
58.36488131593303,-3.514009652526923
58.38768900695137,-3.5120476060341113
58.41049669796971,-3.5100412013334137
58.43330438898805,-3.507990333702872
58.45611208000639,-3.5058948967449446
58.478919771024735,-3.503754782422561
58.50172746204307,-3.501569881096031
58.524535153061414,-3.4993400815608138
58.54734284407975,-3.4970652710861647
58.570150535098094,-3.4947453354546547
58.59295822611644,-3.492380159002569
58.61576591713477,-3.4899696246611893
58.638573608153116,-3.487513613998964
58.66138129917145,-3.4850120072645834
58.684188990189796,-3.4824646834309374
58.70699668120814,-3.479871520239994
58.729804372226475,-3.477232394248571
58.75261206324482,-3.474547180875028
58.775419754263154,-3.4718157544468755
58.7982274452815,-3.4690379882492897
58.82103513629984,-3.4662137545745777
58.84384282731818,-3.4633429247725416
58.86665051833652,-3.460425369301787
58.889458209354856,-3.4574609577819673
58.9122659003732,-3.4544495590469513
58.93507359139154,-3.4513910411989457
58.95788128240988,-3.4482852716635453
58.98068897342822,-3.445132117245727
59.00349666444656,-3.4419314441868
59.0263043554649,-3.438683118222284
59.049112046483245,-3.4353870046407504
59.07191973750158,-3.432042968343602
59.094727428519924,-3.428650873905799
59.11753511953826,-3.425210585637542
59.140342810556604,-3.4217219676468917
59.16315050157495,-3.418184883903344
59.18595819259328,-3.4145991983023456
59.208765883611626,-3.4109647747307505
59.23157357462996,-3.407281477133231
59.254381265648306,-3.4035491695796076
59.27718895666665,-3.3997677163331366
59.299996647684985,-3.395936981919717
59.32280433870333,-3.392056831198023
59.345612029721664,-3.3881271294305773
59.36841972074001,-3.3841477423557227
59.39122741175835,-3.3801185362605257
59.41403510277669,-3.376039378054575
59.43684279379503,-3.3719101353446828
59.459650484813366,-3.3677306765104857
59.48245817583171,-3.3635008707809173
59.50526586685005,-3.3592205883115773
59.52807355786839,-3.3548897002629494
59.55088124888673,-3.35050807887948
59.57368893990507,-3.3460755975695187
59.59649663092341,-3.3415921309860686
59.619304321941755,-3.3370575551083888
59.64211201296009,-3.332471747324383
59.664919703978434,-3.3278345865137964
59.68772739499677,-3.323145953132203
59.71053508601511,-3.318405729295744
59.73334277703346,-3.3136137988666334
59.75615046805179,-3.308770047539396
59.778958159070136,-3.3038743629278153
59.80176585008847,-3.298926634652597
59.824573541106815,-3.2939267544297026
59.84738123212516,-3.288874616159349
59.870188923143495,-3.2837701160156554
59.89299661416184,-3.2786131525368902
59.915804305180174,-3.273403626716348
59.93861199619852,-3.2681414420937647
59.96141968721686,-3.2628265048473133
59.9842273782352,-3.2574587238861077
60.00703506925354,-3.2520380109432057
60.029842760271876,-3.246564280669098
60.05265045129022,-3.2410374507256243
60.07545814230856,-3.2354574418803206
60.0982658333269,-3.229824178101146
60.12107352434524,-3.2241375866515614
60.14388121536358,-3.2183975981859465
60.16668890638192,-3.2126041468452895
60.189496597400264,-3.2067571703531574
60.2123042884186,-3.2008566101118783
60.235111979436944,-3.194902411298903
60.25791967045528,-3.1888945229633507
60.28072736147362,-3.182832898122639
60.30353505249196,-3.176717493859213
60.3263427435103,-3.1705482714172977
60.349150434528646,-3.164325196299669
60.37195812554698,-3.1580482383643673
60.394765816565325,-3.151717371921329
60.41757350758366,-3.1453325758289075
60.440381198602005,-3.138893833590201
60.46318888962035,-3.132401133449191
60.485996580638684,-3.1258544684866107
60.50880427165703,-3.119253836715493
60.53161196267536,-3.112599241176404
60.55441965369371,-3.1058906900322363
60.57722734471205,-3.0991281966625834
60.600035035730386,-3.0923117797576016
60.62284272674873,-3.085441463411321
60.645650417767065,-3.0785172772143765
60.66845810878541,-3.0715392563460573
60.69126579980375,-3.0645074416656883
60.71407349082209,-3.057421879803229
60.73688118184043,-3.0502826232490663
60.75968887285877,-3.0430897304429587
60.78249656387711,-3.035843265862038
60.805304254895454,-3.028543300107855
60.82811194591379,-3.02118990999239
60.85091963693213,-3.0137831786229543
60.87372732795047,-3.0063231954859866
60.89653501896881,-2.9988100565296056
60.919342709987156,-2.9912438642449324
60.94215040100549,-2.98362472774608
60.964958092023835,-2.975952762848759
60.98776578304217,-2.9682280921474717
61.010573474060514,-2.960450845091173
61.03338116507886,-2.952621158057418
61.056188856097194,-2.944739174424863
61.07899654711554,-2.9368050446440996
61.10180423813387,-2.9288189263067737
61.124611929152216,-2.920780984212876
61.14741962017056,-2.9126913904362164
61.170227311188896,-2.9045503243879645
61.19303500220724,-2.896357972878206
61.215842693225575,-2.8881145301755082
61.23865038424392,-2.879820198064344
61.26145807526226,-2.8714751859004126
61.2842657662806,-2.8630797106637247
61.30707345729894,-2.8546339970094206
61.32988114831728,-2.846138277316292
61.35268883933562,-2.8375927917328916
61.37549653035396,-2.828997788221233
61.3983042213723,-2.820353522597984
61.42111191239064,-2.81166025857311
61.44391960340898,-2.8029182677859406
61.46672729442732,-2.794127829838546
61.489534985445665,-2.785289232326445
61.512342676464,-2.776402770866532
61.535150367482345,-2.7674687491221905
61.55795805850068,-2.758487478825581
61.580765749519024,-2.7494592797969815
61.60357344053737,-2.740384479961216
61.6263811315557,-2.731263415361058
61.64918882257405,-2.722096430167594
61.67199651359238,-2.712883876687526
61.694804204610726,-2.7036261153673076
61.71761189562907,-2.6943235147941578
61.740419586647405,-2.6849764516938395
61.76322727766575,-2.6755853109251957
61.786034968684085,-2.6661504854714444
61.80884265970243,-2.6566723764281144
61.83165035072077,-2.647151392987686
61.85445804173911,-2.637587952420835
61.87726573275745,-2.627982480054276
61.90007342377579,-2.6183354092452165
61.92288111479413,-2.6086471813523135
61.94568880581247,-2.598918245703214
61.96849649683081,-2.5891490595585758
61.99130418784915,-2.57934008807258
62.01411187886749,-2.569491804249964
62.03691956988583,-2.559604688899472
62.059727260904175,-2.5496792305838043
62.08253495192251,-2.539715925566004
62.105342642940855,-2.529715277752268
62.12815033395919,-2.5196777986312457
62.150958024977534,-2.509604007209731
62.17376571599588,-2.4994944299448405
62.19657340701421,-2.4893496006726106
62.21938109803256,-2.4791700605330544
62.24218878905089,-2.4689563578917118
62.264996480069236,-2.4587090482576297
62.28780417108758,-2.4484286941978866
62.310611862105915,-2.438115865248591
62.33341955312426,-2.4277711378224165
62.356227244142595,-2.4173950951127154
62.37903493516094,-2.406988326994174
62.40184262617928,-2.3965514299201107
62.42465031719762,-2.3860850068163937
62.44745800821596,-2.3755896669720244
62.4702656992343,-2.3650660259264633
62.49307339025264,-2.3545147053536555
62.51588108127098,-2.3439363329428953
62.53868877228932,-2.3333315422764946
62.56149646330766,-2.3227009727043257
62.584304154326,-2.3120452692153384
62.60711184534434,-2.301365082305999
62.629919536362685,-2.2906610678458255
62.65272722738102,-2.2799338869399812
62.675534918399364,-2.269184205789024
62.6983426094177,-2.258412695545906
62.721150300436044,-2.2476200321702002
62.74395799145438,-2.2368068962797407
62.76676568247272,-2.2259739729996135
62.789573373491066,-2.2151219518086984
62.8123810645094,-2.2042515263837323
62.835188755527746,-2.1933633944410182
62.85799644654608,-2.182458257575882
62.880804137564425,-2.1715368210998767
62.90361182858277,-2.160599793875916
62.926419519601104,-2.149647888151341
62.94922721061945,-2.138681819389031
62.972034901637784,-2.1277023060966913
62.99484259265613,-2.116710069654313
63.01765028367447,-2.1057058341399983
63.040457974692806,-2.09469032615417
63.06326566571115,-2.0836642746422767
63.086073356729486,-2.0726284107161344
63.10888104774783,-2.0615834674739117
63.13168873876617,-2.050530179818962
63.15449642978451,-2.03946928427751
63.17730412080285,-2.0284015188153335
63.20011181182119,-2.0173276226535695
63.22291950283953,-2.00624833608367
63.245727193857874,-1.995164400281696
63.26853488487621,-1.9840765571219892
63.291342575894554,-1.9729855489903372
63.31415026691289,-1.9618921185967884
63.33695795793123,-1.950797008788124
63.359765648949576,-1.9397009623602
63.38257333996791,-1.9286047218701747
63.405381030986256,-1.9175090294487682
63.42818872200459,-1.9064146266126798
63.450996413022935,-1.895322254077198
63.47380410404128,-1.8842326515691972
63.496611795059614,-1.8731465576405486
63.51941948607796,-1.8620647094820781
63.542227177096294,-1.8509878427382092
63.56503486811464,-1.839916691322312
63.58784255913298,-1.828851987232955
63.610650250151316,-1.8177944603710836
63.63345794116966,-1.806744838358254
63.656265632187996,-1.7957038463560577
63.67907332320634,-1.7846722068867467
63.70188101422468,-1.7736506396552651
63.72468870524302,-1.7626398613726877
63.74749639626136,-1.7516405855812018
63.7703040872797,-1.7406535224807558
63.79311177829804,-1.7296793787573805
63.815919469316384,-1.7187188574133743
63.83872716033472,-1.7077726575993553
63.86153485135306,-1.696841474448303
63.8843425423714,-1.6859259989117046
63.90715023338974,-1.6750269175978039
63.929957924408086,-1.6641449126121337
63.95276561542642,-1.6532806614003333
63.975573306444765,-1.6424348365933452
63.9983809974631,-1.631608105855119
64.02118868848144,-1.6208011317327904
64.04399637949979,-1.610014571509521
64.06680407051813,-1.5992490770599708
64.08961176153646,-1.5885052947085299
64.1124194525548,-1.5777838650903135
64.13522714357315,-1.5670854230150841
64.15803483459149,-1.5564105973340183
64.18084252560983,-1.5457600108094878
64.20365021662816,-1.5351342799878545
64.2264579076465,-1.5245340150753126
64.24926559866485,-1.513959819816918
64.27207328968319,-1.5034122913787158
64.29488098070154,-1.4928920202331089
64.31768867171986,-1.4823995900474753
64.34049636273821,-1.471935577576036
64.36330405375655,-1.4615005525551086
64.3861117447749,-1.4510950776016394
64.40891943579324,-1.4407197081151535
64.43172712681157,-1.4303749921831046
64.45453481782991,-1.4200614704896215
64.47734250884825,-1.409779676227764
64.5001501998666,-1.3995301350151874
64.52295789088494,-1.3893133648133118
64.54576558190327,-1.3791298758499928
64.56857327292161,-1.3689801705456581
64.59138096393995,-1.3588647434430243
64.6141886549583,-1.3487840811402632
64.63699634597664,-1.3387386622277186
64.65980403699497,-1.3287289572281442
64.68261172801331,-1.3187554285404217
64.70541941903166,-1.3088185303868554
64.72822711005,-1.2989187087639065
64.75103480106834,-1.2890564013964498
64.77384249208667,-1.279232037695515
64.79665018310502,-1.2694460387194593
64.81945787412336,-1.2596988171386536
64.8422655651417,-1.249990777203539
64.86507325616004,-1.2403223147161173
64.88788094717837,-1.2306938170048374
64.91068863819672,-1.2211056629028003
64.93349632921506,-1.2115582227293697
64.9563040202334,-1.202051858275018
64.97911171125175,-1.1925869227894788
65.00191940227008,-1.1831637609731396
65.02472709328842,-1.17378270897161
65.04753478430676,-1.164444094373516
65.0703424753251,-1.1551482362113685
65.09315016634345,-1.145895444965552
65.11595785736178,-1.1366860225713595
65.13876554838012,-1.1275202624290102
65.16157323939846,-1.1183984494166852
65.18438093041681,-1.109320859906422
65.20718862143515,-1.1002877617829097
65.22999631245348,-1.0912994144651058
65.25280400347182,-1.0823560689306
65.27561169449017,-1.0734579677427525
65.29841938550851,-1.0646053450804527
65.32122707652685,-1.0557984267705225
65.34403476754518,-1.0470374303226868
65.36684245856353,-1.0383225649670274
65.38965014958187,-1.0296540316939493
65.41245784060021,-1.0210320232964938
65.43526553161855,-1.012456724415025
65.45807322263688,-1.003928311584204
65.48088091365523,-0.9954469532821651
65.50368860467357,-0.9870128099819248
65.52649629569191,-0.9786260342048448
65.54930398671026,-0.9702867705761838
65.57211167772859,-0.9619951558826415
65.59491936874693,-0.9537513191318191
65.61772705976527,-0.9455553816136081
65.64053475078362,-0.9374074569633437
65.66334244180196,-0.9293076512267493
65.68615013282029,-0.9212560629265734
65.70895782383863,-0.9132527831308462
65.73176551485697,-0.9052978955227652
65.75457320587532,-0.897391476472049
65.77738089689366,-0.8895335951077804
65.80018858791199,-0.8817243133926487
65.82299627893033,-0.8739636861985123
65.84580396994868,-0.8662517613832923
65.86861166096702,-0.858588579869046
65.89141935198536,-0.8509741757212292
65.91422704300369,-0.8434085762290705
65.93703473402203,-0.8358918019869762
65.95984242504038,-0.8284238669769745
65.98265011605872,-0.821004778652059
66.00545780707706,-0.8136345380204335
66.0282654980954,-0.8063131397305924
66.05107318911374,-0.7990405721571487
66.07388088013208,-0.7918168174874313
66.09668857115042,-0.7846418518087057
66.11949626216877,-0.7775156451960297
66.1423039531871,-0.7704381618006778
66.16511164420544,-0.7634093599390529
66.18791933522378,-0.7564291921821067
66.21072702624213,-0.7494976054451294
66.23353471726047,-0.7426145410779262
66.2563424082788,-0.73577993495531
66.27915009929714,-0.7289937175678457
66.30195779031548,-0.7222558141128569
66.32476548133383,-0.7155661445855728
66.34757317235217,-0.7089246238704298
66.3703808633705,-0.7023311618324626
66.39318855438884,-0.6957856634087255
66.41599624540719,-0.68928802869976
66.43880393642553,-0.6828381530609906
66.46161162744386,-0.6764359271940671
66.4844193184622,-0.6700812372380759
66.50722700948054,-0.6637739648606374
66.53003470049889,-0.6575139873487784
66.55284239151723,-0.6513011776996003
66.57565008253556,-0.6451354047106918
66.5984577735539,-0.6390165330702275
66.62126546457225,-0.6329444234467826
66.64407315559059,-0.6269189325787495
66.66688084660893,-0.620939913363388
66.68968853762726,-0.6150072149454566
66.7124962286456,-0.6091206828053749
66.73530391966395,-0.6032801588469505
66.75811161068229,-0.5974854814845646
66.78091930170064,-0.5917364857298448
66.80372699271896,-0.5860330032777843
66.82653468373731,-0.5803748625922635
66.84934237475565,-0.5747618889910017
66.872150065774,-0.5691939047298511
66.89495775679234,-0.5636707290864547
66.91776544781067,-0.5581921784432418
66.94057313882901,-0.5527580663697118
66.96338082984735,-0.5473682037040477
66.9861885208657,-0.5420223986339661
67.00899621188404,-0.5367204567768422
67.03180390290237,-0.5314621812590739
67.05461159392071,-0.5262473727946521
67.07741928493905,-0.5210758297629727
67.1002269759574,-0.5159473482858107
67.12303466697574,-0.5108617223034913
67.14584235799407,-0.5058187436502284
67.16865004901241,-0.5008182021286057
67.19145774003076,-0.4958598855832327
67.2142654310491,-0.4909435799735067
67.23707312206744,-0.4860690694455119
67.25988081308577,-0.48123613640303964
67.28268850410412,-0.47644456157769843
67.30549619512246,-0.471694124098156
67.3283038861408,-0.46698460155844446
67.35111157715914,-0.46231577008536845
67.37391926817747,-0.45768740440499617
67.39672695919582,-0.45309927790820975
67.41953465021416,-0.44855116271536033
67.4423423412325,-0.4440428297399624
67.46515003225085,-0.4395740487514655
67.48795772326918,-0.4351445884370925
67.51076541428752,-0.4307542164627232
67.53357310530586,-0.4264026995328635
67.5563807963242,-0.42208980344964786
67.57918848734255,-0.41781529317091143
67.60199617836088,-0.4135789328673207
67.62480386937922,-0.4093804859785475
67.64761156039756,-0.40521971526853073
67.67041925141591,-0.4010963828797706
67.69322694243425,-0.3970102503866971
67.71603463345258,-0.3929610788481054
67.73884232447092,-0.38894862885864306
67.76165001548927,-0.38497266059939345
67.78445770650761,-0.38103293388750614
67.80726539752595,-0.3771292082249187
67.83007308854428,-0.3732612428461573
67.85288077956262,-0.3694287967652109
67.87568847058097,-0.365631628821522
67.89849616159931,-0.361869497725045
67.92130385261765,-0.35814216210041944
67.94411154363598,-0.35444938053024794
67.96691923465433,-0.350790911597476
67.98972692567267,-0.34716651392691106
68.01253461669101,-0.34357594622584575
68.03534230770936,-0.3400189673238199
68.05814999872769,-0.3364953362115257
68.08095768974603,-0.33300481207884164
68.10376538076437,-0.3295471543520452
68.12657307178272,-0.32612212273016117
68.14938076280106,-0.3227294772204887
68.17218845381939,-0.3193689781733057
68.19499614483773,-0.3160403863157422
68.21780383585607,-0.31274346278487175
68.24061152687442,-0.30947796915997683
68.26341921789276,-0.30624366749403625
68.28622690891109,-0.3030403203444276
68.30903459992943,-0.2998676908028469
68.33184229094778,-0.2967255425244815
68.35464998196612,-0.2936136397564064
68.37745767298446,-0.2905317473652443
68.40026536400279,-0.28747963086408446
68.42307305502113,-0.2844570564386654
68.44588074603948,-0.28146379097285407
68.46868843705782,-0.2784996020733953
68.49149612807616,-0.2755642580939717
68.5143038190945,-0.2726575281585675
68.53711151011284,-0.2697791821841426
68.55991920113118,-0.26692899090265126
68.58272689214952,-0.26410672588237805
68.60553458316787,-0.2613121595486284
68.6283422741862,-0.2585450652037757
68.65114996520454,-0.2558052170466611
68.67395765622288,-0.25309239019138885
68.69676534724123,-0.25040636068548416
68.71957303825957,-0.24774690552745535
68.7423807292779,-0.24511380268375724
68.76518842029624,-0.24250683110515936
68.78799611131458,-0.23992577074255106
68.81080380233293,-0.23737040256216288
68.83361149335127,-0.23484050856023486
68.8564191843696,-0.2323358717771347
68.87922687538794,-0.22985627631092967
68.90203456640629,-0.2274015073304392
68.92484225742463,-0.2249713510877516
68.94764994844297,-0.22256559493023537
68.9704576394613,-0.22018402731204542
68.99326533047964,-0.2178264378051291
69.01607302149799,-0.2154926171097578
69.03888071251633,-0.21318235706457148
69.06168840353467,-0.2108954506561575
69.084496094553,-0.2086316920281756
69.10730378557135,-0.2063908764900212
69.13011147658969,-0.20417280052506367
69.15291916760803,-0.20197726179843645
69.17572685862638,-0.1998040591644106
69.1985345496447,-0.19765299267335149
69.22134224066305,-0.19552386357826246
69.24414993168139,-0.1934164743409407
69.26695762269973,-0.19133062863773256
69.28976531371808,-0.18926613136490714
69.31257300473641,-0.18722278864366027
69.33538069575475,-0.18520040782474392
69.3581883867731,-0.18319879749274717
69.38099607779144,-0.1812177674700165
69.40380376880978,-0.1792571288202372
69.42661145982811,-0.17731669385168092
69.44941915084645,-0.1753962761201164
69.4722268418648,-0.17349569043141477
69.49503453288314,-0.1716147528438265
69.51784222390148,-0.1697532806699599
69.54064991491981,-0.16791109247846098
69.56345760593815,-0.16608800809539503
69.5862652969565,-0.16428384860535428
69.60907298797484,-0.16249843635227787
69.63188067899318,-0.16073159494000452
69.65468837001151,-0.15898314923256243
69.67749606102986,-0.1572529253541941
69.7003037520482,-0.15554075068914258
69.72311144306654,-0.15384645388118032
69.74591913408489,-0.1521698648329051
69.76872682510322,-0.1505108147048039
69.79153451612156,-0.14886913591408607
69.8143422071399,-0.14724466213330537
69.83714989815824,-0.14563722828875625
69.85995758917659,-0.14404667055867118
69.88276528019492,-0.14247282637120914
69.90557297121326,-0.1409155344022475
69.9283806622316,-0.13937463457298946
69.95118835324995,-0.1378499680473754
69.97399604426829,-0.13634137722932088
69.99680373528662,-0.13484870575977562
70.01961142630496,-0.1333717985136108
70.0424191173233,-0.13191050159634993
70.06522680834165,-0.13046466234072884
70.08803449935999,-0.1290341293031063
70.11084219037832,-0.12761875225972533
70.13364988139666,-0.1262183822028219
70.15645757241501,-0.12483287133660444
70.17926526343335,-0.12346207307308682
70.2020729544517,-0.12210584202779373
70.22488064547002,-0.12076403401533976
70.24768833648837,-0.11943650604487965
70.27049602750671,-0.1181231163154495
70.29330371852505,-0.11682372421118509
70.3161114095434,-0.11553819029643225
70.33891910056172,-0.1142663763107526
70.36172679158007,-0.11300814516382142
70.38453448259841,-0.11176336093023449
70.40734217361675,-0.11053188884421425
70.4301498646351,-0.10931359529422473
70.45295755565343,-0.10810834781750252
70.47576524667177,-0.1069160150944979
70.49857293769011,-0.10573646694324232
70.52138062870846,-0.10456957431363414
70.5441883197268,-0.10341520928164867
70.56699601074513,-0.10227324504348402
70.58980370176347,-0.10114355590962985
70.61261139278182,-0.10002601729888337
70.63541908380016,-0.09892050573229437
70.6582267748185,-0.09782689882705639
70.68103446583683,-0.09674507529034072
70.70384215685517,-0.0956749149130774
70.72664984787352,-0.094616298563691
70.74945753889186,-0.09356910818178168
70.7722652299102,-0.09253322677176831
70.79507292092853,-0.09150853839648591
70.81788061194688,-0.0904949281707441
70.84068830296522,-0.08949228225485147
70.86349599398356,-0.08850048784810248
70.8863036850019,-0.0875194331822331
70.90911137602023,-0.08654900751484788
70.93191906703858,-0.08558910112281495
70.95472675805692,-0.08463960529564472
70.97753444907526,-0.0837004123288346
71.00034214009361,-0.08277141551720038
71.02314983111194,-0.08185250914818569
71.04595752213028,-0.08094358849515114
71.06876521314862,-0.080044549810657
71.09157290416697,-0.07915529031972164
71.11438059518531,-0.07827570821307789
71.13718828620364,-0.07740570264041258
71.15999597722198,-0.07654517370360224
71.18280366824033,-0.07569402244994179
71.20561135925867,-0.07485215086536684
71.22841905027701,-0.07401946186767579
71.25122674129534,-0.07319585929974749
71.27403443231368,-0.07238124792275889
71.29684212333203,-0.07157553340940874
71.31964981435037,-0.07077862233713801
71.3424575053687,-0.06999042218135867
71.36526519638704,-0.06921084130868552
71.38807288740539,-0.0684397889701771
71.41088057842373,-0.06767717529458432
71.43368826944207,-0.06692291128160689
71.4564959604604,-0.06617690879516228
71.47930365147874,-0.06543908055666452
71.50211134249709,-0.06470934013831836
71.52491903351543,-0.06398760195642551
71.54772672453377,-0.06327378126470604
71.5705344155521,-0.06256779414763744
71.59334210657045,-0.0618695575138067
71.61614979758879,-0.061178989089286706
71.63895748860713,-0.06049600741102586
71.66176517962548,-0.05982053182025983
71.6845728706438,-0.059152482455944344
71.70738056166215,-0.058491780248207344
71.73018825268049,-0.057838346911827515
71.75299594369883,-0.0571921049397315
71.77580363471718,-0.05655297759651686
71.79861132573551,-0.05592088891200124
71.82141901675385,-0.055295763674791186
71.8442267077722,-0.05467752742588576
71.86703439879054,-0.05406610645229847
71.88984208980888,-0.05346142778070998
71.91264978082721,-0.052863419171148646
71.93545747184555,-0.052272009110698944
71.9582651628639,-0.05168712680723893
71.98107285388224,-0.051108702183206664
72.00388054490058,-0.05053666586939668
72.02668823591891,-0.049970949198788715
72.04949592693725,-0.04941148420040267
72.0723036179556,-0.04885820359319046
72.09511130897394,-0.04831104077995637
72.11791899999228,-0.04776992984130999
72.14072669101061,-0.047234805529651425
72.16353438202896,-0.04670560326319009
72.1863420730473,-0.04618225911999799
72.20914976406564,-0.045664709832092455
72.23195745508399,-0.04515289277955707
72.25476514610232,-0.04464674598469573
72.27757283712066,-0.044146208106217305
72.300380528139,-0.04365121843346211
72.32318821915734,-0.04316171688065708
72.34599591017569,-0.0426776439812081
72.36880360119402,-0.042198940882030675
72.39161129221236,-0.0417255493379095
72.4144189832307,-0.041257411705902164
72.43722667424905,-0.04079447093977185
72.46003436526739,-0.040336670584459784
72.48284205628572,-0.039883954770594046
72.50564974730406,-0.039436268209030755
72.5284574383224,-0.03899355618543862
72.55126512934075,-0.03855576455491427
72.57407282035909,-0.03812283973663664
72.59688051137742,-0.03769472870855869
72.61968820239576,-0.03727137900213377
72.64249589341411,-0.036852738697082624
72.66530358443245,-0.0364387564161939
72.6881112754508,-0.03602938132016321
72.71091896646912,-0.03562456310247066
72.73372665748747,-0.035224251984291646
72.75653434850581,-0.034828398709449905
72.77934203952415,-0.03443695453940337
72.8021497305425,-0.034049871248269456
72.82495742156082,-0.03366710111788746
72.84776511257917,-0.03328859693291719
72.87057280359751,-0.03291431197597424
72.89338049461585,-0.03254420002280604
72.9161881856342,-0.03217821533749851
72.93899587665253,-0.03181631266772696
72.96180356767087,-0.0314584472400367
72.98461125868921,-0.031104574755167858
73.00741894970756,-0.03075465138341067
73.0302266407259,-0.030408633760001864
73.05303433174423,-0.03006647898055453
73.07584202276257,-0.02972814459652741
73.09864971378092,-0.029393588610728053
73.12145740479926,-0.029062769472855007
73.1442650958176,-0.02873564607507385
73.16707278683593,-0.028412177747630923
73.18988047785427,-0.02809232425450201
73.21268816887262,-0.027776045789079
73.23549585989096,-0.027463302969889653
73.2583035509093,-0.027154056836354298
73.28111124192763,-0.02684826884457959
73.30391893294598,-0.026545900863184556
73.32672662396432,-0.026246915169164664
73.34953431498266,-0.025951274443789824
73.372342006001,-0.025658941768537846
73.39514969701933,-0.025369880621061408
73.41795738803768,-0.025084054871191967
73.44076507905602,-0.02480142877697679
73.46357277007436,-0.024521966980749613
73.48638046109271,-0.02424563450523816
73.50918815211104,-0.02397239674970197
73.53199584312938,-0.023702219486108473
73.55480353414772,-0.02343506885533779
73.57761122516607,-0.02317091136342662
73.60041891618441,-0.02290971387784031
73.62322660720274,-0.022651443623781065
73.64603429822108,-0.02239606818052875
73.66884198923943,-0.02214355547781436
73.69164968025777,-0.02189387379222516
73.71445737127611,-0.021646991743643196
73.73726506229444,-0.02140287829171763
73.76007275331278,-0.021161502732364338
73.78288044433113,-0.020922834694303057
73.80568813534947,-0.020686844135622648
73.82849582636781,-0.020453501340378693
73.85130351738614,-0.020222776915223107
73.87411120840449,-0.01999464178606262
73.89691889942283,-0.019769067194752334
73.91972659044117,-0.019546024695815255
73.94253428145952,-0.019325486153194807
73.96534197247784,-0.0191074237370387
73.98814966349619,-0.018891809920508616
74.01095735451453,-0.01867861747662605
74.03376504553287,-0.01846781947514199
74.05657273655122,-0.018259389279439067
74.07938042756955,-0.01805330054346316
74.10218811858789,-0.01784952720868188
74.12499580960623,-0.01764804350107465
74.14780350062458,-0.017448823928149833
74.17061119164292,-0.017251843275989852
74.19341888266125,-0.017057076606326993
74.21622657367959,-0.016864499253643698
74.23903426469793,-0.01667408682230339
74.26184195571628,-0.016485815183708574
74.28464964673462,-0.01629966047348575
74.30745733775295,-0.01611559908869701
74.3302650287713,-0.01593360768507969
74.35307271978964,-0.01575366317431295
74.37588041080798,-0.015575742721310017
74.39868810182632,-0.015399823741537347
74.42149579284465,-0.015225883898360333
74.444303483863,-0.015053901100413495
74.46711117488134,-0.014883853498999025
74.48991886589968,-0.014715719485508452
74.51272655691803,-0.014549477688870487
74.53553424793635,-0.014385106973024853
74.5583419389547,-0.014222586434420089
74.58114962997304,-0.014061895399536912
74.60395732099138,-0.01390301342243423
74.62676501200973,-0.013745920282323345
74.64957270302806,-0.013590595981161987
74.6723803940464,-0.013437020741274307
74.69518808506474,-0.013285175002995982
74.71799577608309,-0.01313503942234025
74.74080346710143,-0.012986594868688828
74.76361115811976,-0.012839822422506595
74.7864188491381,-0.012694703373076167
74.80922654015644,-0.012551219216260573
74.83203423117479,-0.012409351652281887
74.85484192219313,-0.012269082583528884
74.87764961321146,-0.01213039411238168
74.9004573042298,-0.011993268539061505
74.92326499524815,-0.011857688359500093
74.94607268626649,-0.011723636263233722
74.96888037728483,-0.011591095131314282
74.99168806830316,-0.011460048034246528
75.0144957593215,-0.011330478229942119
75.03730345033985,-0.011202369161697246
75.06011114135819,-0.011075704456189862
75.08291883237654,-0.010950467921497464
75.10572652339486,-0.010826643545135562
75.12853421441321,-0.010704215492115378
75.15134190543155,-0.010583168103023125
75.1741495964499,-0.010463485892117423
75.19695728746824,-0.01034515354544697
75.21976497848657,-0.010228155918987658
75.24257266950491,-0.010112478036798668
75.26538036052325,-0.009998105089199065
75.2881880515416,-0.00988502243096033
75.31099574255994,-0.009773215579519615
75.33380343357827,-0.009662670213212633
75.35661112459661,-0.009553372169521398
75.37941881561495,-0.009445307443343978
75.4022265066333,-0.009338462185279988
75.42503419765164,-0.009232822699933944
75.44784188866997,-0.009128375444237618
75.47064957968831,-0.009025107025788539
75.49345727070666,-0.008923004201207467
75.516264961725,-0.008822053874510271
75.53907265274334,-0.008722243095500765
75.56188034376167,-0.008623559058176172
75.58468803478002,-0.008525989099152902
75.60749572579836,-0.00842952069610717
75.6303034168167,-0.008334141466230868
75.65311110783504,-0.008239839164706646
75.67591879885337,-0.008146601683196532
75.69872648987172,-0.008054417048347326
75.72153418089006,-0.007963273420312172
75.7443418719084,-0.007873159091287166
75.76714956292675,-0.0077840624840630175
75.78995725394508,-0.007695972150594391
75.81276494496342,-0.007608876770579716
75.83557263598176,-0.007522765150061957
75.8583803270001,-0.0074376262200389585
75.88118801801845,-0.0073534490350925736
75.90399570903678,-0.007270222772028921
75.92680340005512,-0.007187936728535206
75.94961109107346,-0.007106580321852054
75.97241878209181,-0.007026143087455218
75.99522647311015,-0.00694661467775713
76.01803416412848,-0.006867984860818076
76.04084185514682,-0.0067902435190724045
76.06364954616517,-0.0067133806480702335
76.08645723718351,-0.0066373863552287695
76.10926492820185,-0.006562250858600622
76.13207261922018,-0.006487964485653052
76.15488031023852,-0.00641451767206116
76.17768800125687,-0.006341900960513972
76.20049569227521,-0.006270104999533599
76.22330338329354,-0.006199120542305528
76.24611107431188,-0.006128938445523757
76.26891876533023,-0.0060595496682468285
76.29172645634857,-0.005990945270766089
76.31453414736691,-0.005923116413487914
76.33734183838524,-0.005856054355825305
76.36014952940359,-0.0057897504551021545
76.38295722042193,-0.005724196165472555
76.40576491144027,-0.005659383036846662
76.42857260245862,-0.005595302713831167
76.45138029347694,-0.0055319469346815624
76.47418798449529,-0.005469307530263781
76.49699567551363,-0.005407376423028057
76.51980336653197,-0.005346145625995225
76.54261105755032,-0.0052856072417510865
76.56541874856865,-0.005225753461454093
76.58822643958699,-0.005166576563852627
76.61103413060533,-0.00510806891431406
76.63384182162368,-0.005050222963861891
76.65664951264202,-0.004993031248226628
76.67945720366035,-0.004936486386904739
76.70226489467869,-0.004880581082227645
76.72507258569703,-0.004825308118442495
76.74788027671538,-0.004770660360802315
76.77068796773372,-0.004716630754664894
76.79349565875205,-0.004663212324602362
76.8163033497704,-0.004610398173521446
76.83911104078874,-0.004558181481790942
76.86191873180708,-0.004506555506381396
76.88472642282542,-0.004455513580011552
76.90753411384375,-0.0044050491103074544
76.9303418048621,-0.004355155578965479
76.95314949588044,-0.004305826540931071
76.97595718689878,-0.0042570556235807565
76.99876487791713,-0.004208836525916595
77.02157256893545,-0.004161163017767168
77.0443802599538,-0.004114028939000362
77.06718795097214,-0.004067428198740726
77.08999564199048,-0.004021354774598172
77.11280333300883,-0.003975802711905409
77.13561102402716,-0.00393076612296127
77.1584187150455,-0.0038862391862847226
77.18122640606384,-0.0038422161458758633
77.20403409708219,-0.00379869131048521
77.22684178810053,-0.003755659052891932
77.24964947911886,-0.0037131138091879763
77.2724571701372,-0.003671050078071572
77.29526486115554,-0.0036294624201492483
77.31807255217389,-0.0035883454572428666
77.34088024319223,-0.003547693871707346
77.36368793421056,-0.0035075024057529725
77.3864956252289,-0.0034677658607781777
77.40930331624725,-0.0034284790967069015
77.43211100726559,-0.0033896370313344633
77.45491869828393,-0.003351234639681506
77.47772638930226,-0.0033132669533533997
77.5005340803206,-0.0032757290599079235
77.52334177133895,-0.0032386161022288566
77.54614946235729,-0.0032019232779080626
77.56895715337564,-0.003165645838632382
77.59176484439396,-0.003129779089578818
77.61457253541231,-0.003094318388815822
77.63738022643065,-0.0030592591467122248
77.660187917449,-0.0030245968253496567
77.68299560846734,-0.0029903269379450014
77.70580329948567,-0.0029564450482785242
77.72861099050401,-0.0029229467701252752
77.75141868152235,-0.0028898277666973998
77.7742263725407,-0.0028570837500884105
77.79703406355904,-0.0028247104807272837
77.81984175457737,-0.002792703766835605
77.84264944559571,-0.002761059463892354
77.86545713661405,-0.002729773474103925
77.8882648276324,-0.002698841745880476
77.91107251865074,-0.002668260273318384
77.93388020966907,-0.002638025095687069
77.95668790068741,-0.002608132296923013
77.97949559170576,-0.0025785780051283654
78.0023032827241,-0.0025493583920763088
78.02511097374244,-0.002520469672719699
78.04791866476077,-0.002491908104707997
78.07072635577912,-0.0024636699879074745
78.09353404679746,-0.0024357516639273045
78.1163417378158,-0.0024081495156517696
78.13914942883414,-0.002380859966775521
78.16195711985247,-0.002353879481347126
78.18476481087082,-0.002327204563314366
78.20757250188916,-0.0023008317560776034
78.2303801929075,-0.0022747576420457717
78.25318788392585,-0.0022489788421982486
78.27599557494418,-0.002223492015651975
78.29880326596252,-0.0021982938592335854
78.32161095698086,-0.0021733811070539406
78.3444186479992,-0.0021487505300905175
78.36722633901755,-0.0021243989357735043
78.39003403003588,-0.0021003231675749516
78.41284172105422,-0.0020765201046035985
78.43564941207256,-0.0020529866612062414
78.45845710309091,-0.0020297197865684494
78.48126479410925,-0.0020067164643257545
78.50407248512758,-0.0019839737121750563
78.52688017614592,-0.0019614885814910467
78.54968786716427,-0.001939258156947875
78.57249555818261,-0.0019172795561456053
78.59530324920095,-0.0018955499292384263
78.61811094021928,-0.0018740664585687493
78.64091863123762,-0.0018528263583056693
78.66372632225597,-0.0018318268740862645
78.68653401327431,-0.0018110652826616941
78.70934170429265,-0.0017905388915474437
78.73214939531098,-0.0017702450386761859
78.75495708632933,-0.001750181092055882
78.77776477734767,-0.001730344449431587
78.80057246836601,-0.0017107325379500976
78.82338015938436,-0.001691342813829612
78.84618785040269,-0.0016721727620315776
78.86899554142103,-0.0016532198959371158
78.89180323243937,-0.0016344817570284678
78.91461092345772,-0.0016159559145700034
78.93741861447606,-0.001597639965297303
78.96022630549439,-0.0015795315331073303
78.98303399651273,-0.0015616282687514402
79.00584168753107,-0.0015439278495347174
79.02864937854942,-0.0015264279790142207
79.05145706956776,-0.001509126386706174
79.07426476058609,-0.0014920208277911953
79.09707245160443,-0.0014751090828258513
79.11988014262278,-0.001458388957457048
79.14268783364112,-0.0014418582821381695
79.16549552465946,-0.001425514911851541
79.18830321567779,-0.0014093567258287123
79.21111090669613,-0.0013933816272812137
79.23391859771448,-0.001377587543125856
79.25672628873282,-0.0013619724237209415
79.27953397975116,-0.001346534242600293
79.3023416707695,-0.0013312709962123
79.32514936178784,-0.0013161807036611473
79.34795705280618,-0.0013012614064521898
79.37076474382452,-0.0012865111682381991
79.39357243484287,-0.0012719280745712841
79.4163801258612,-0.0012575102326528465
79.43918781687954,-0.001243255771093356
79.46199550789788,-0.001229162839667762
79.48480319891623,-0.001215229609077011
79.50761088993457,-0.0012014542707145894
79.5304185809529,-0.0011878350364295674
79.55322627197124,-0.0011743701382979394
79.57603396298958,-0.001161057828393963
79.59884165400793,-0.001147896378564333
79.62164934502627,-0.0011348840802047572
79.6444570360446,-0.0011220192440402415
79.66726472706294,-0.0011093001999055911
79.69007241808129,-0.0010967252965315875
79.71288010909963,-0.001084292901329199
79.73568780011797,-0.0010720014001809935
79.7584954911363,-0.0010598491972321142
79.78130318215464,-0.0010478347146825639
79.80411087317299,-0.0010359563925853813
79.82691856419133,-0.001024212688643944
79.84972625520967,-0.0010126020780131986
79.872533946228,-0.0010011230531022008
79.89534163724635,-0.0009897741233790554
79.91814932826469,-0.0009785538151795639
79.94095701928303,-0.0009674606715152208
79.96376471030138,-0.0009564932518855697
79.9865724013197,-0.00094565013209209
